compound,smiles,mutagenic,MW,LogP,HBD,HBA,TPSA,RotBonds,AromaticRings,RingCount,HeavyAtoms,MolMR,FractionCSP3,NumAliphaticRings,BertzCT,Chi0,Chi1,Kappa1,Kappa2,LabuteASA,NumHeteroatoms,MaxPartialCharge,MinPartialCharge,NumNitrogens,NumOxygens,NumHalogens,NumSulfurs,HasNitroGroup,HasNitroso,HasAromaticAmine,HasAlkylHalide
2-nitrofluorene,O=[N+]([O-])c1ccc2cc3ccccc3cc2c1,1,223.231,3.901200000000002,0,2,43.14,1,3,3,17,68.10840000000002,0.0,0,734.4562652641641,11.828062645816686,8.237183443017882,9.781107035232184,3.55710999635206,97.44770790546718,3,0.2695661120628807,-0.25830932519570377,1,2,0,0,0,0,0,0
2-acetylaminofluorene,CC(=O)Nc1ccc2cc3ccccc3cc2c1,1,235.286,3.9514000000000022,1,1,29.1,1,3,3,18,75.75770000000003,0.0625,0,746.2611131494824,12.535169427003234,8.720346690612276,10.782020961567781,4.148854348346499,105.23600069541241,2,0.2207477381208965,-0.326316380060032,1,1,0,0,0,0,0,0
4-nitroquinoline N-oxide,O=[N+]([O-])c1ccc2ncccc2c1,1,174.159,2.143,0,3,56.03,1,2,2,13,48.397400000000026,0.0,0,467.8762845243794,9.259148545064338,6.270856947829096,7.6673647482844585,2.8199872043704444,73.98569135467848,4,0.26967983526635403,-0.2583093126081448,2,2,0,0,0,0,1,0
1-nitropyrene,O=[N+]([O-])c1ccc2ccc3cccc4ccc1c2c34,1,247.253,4.492200000000002,0,2,43.14,1,4,4,19,76.80040000000004,0.0,0,927.5168646967957,12.982763184195939,9.254020195423491,10.261797512956033,3.4173259723894986,108.10839731733796,3,0.2767532674649996,-0.2582903621078463,1,2,0,0,0,0,0,0
nitrobenzene,O=[N+]([O-])c1ccccc1,1,123.11099999999996,1.5948,0,2,43.14,1,1,1,9,33.0964,0.0,0,207.5576620543373,6.69023444431199,4.304530452640311,5.751233595800525,2.2593342006647616,52.08437884199676,3,0.2689216270439583,-0.2583096384435056,1,2,0,0,0,0,0,0
2-nitrotoluene,Cc1ccccc1[N+](=O)[O-],1,137.138,1.9032200000000001,0,2,43.14,1,1,1,10,37.83340000000001,0.14285714285714285,0,257.53794892648057,7.560477932315068,4.71521405516327,6.7360092807424605,2.4731969036707446,58.44932095639337,3,0.271791321288604,-0.2583009410225935,1,2,0,0,1,0,0,0
4-nitrotoluene,Cc1ccc([N+](=O)[O-])cc1,1,137.138,1.90322,0,2,43.14,1,1,1,10,37.83340000000002,0.14285714285714285,0,240.2879489264805,7.560477932315068,4.698377302757663,6.7360092807424605,2.4731969036707446,58.449320956393365,3,0.26894145561733507,-0.25830963621589803,1,2,0,0,1,0,0,0
"2,4-dinitrotoluene",Cc1ccc([N+](=O)[O-])cc1[N+](=O)[O-],1,182.135,1.81142,0,4,86.28,2,1,1,13,44.487800000000014,0.14285714285714285,0,374.7553335743196,10.008071689507773,6.019744507803581,9.110744101633394,3.176550566473556,73.10229667889315,6,0.278670384106092,-0.25830597628015206,2,4,0,0,1,0,0,0
"2,6-dinitrotoluene",Cc1c([N+](=O)[O-])cccc1[N+](=O)[O-],1,182.13499999999996,1.81142,0,4,86.28,2,1,1,13,44.487800000000014,0.14285714285714285,0,342.5053335743196,10.008071689507773,6.036581260209188,9.110744101633394,3.176550566473556,73.10229667889315,6,0.278684380944421,-0.25829726349153237,2,4,0,0,1,0,0,0
"1,3-dinitrobenzene",O=[N+]([O-])c1cccc([N+](=O)[O-])c1,1,168.10799999999998,1.503,0,4,86.28,2,1,1,12,39.75080000000001,0.0,0,306.8248996548373,9.137828201504695,5.6090609052806215,8.119800399201598,2.9516118607817234,66.73735456449656,6,0.27580108571268735,-0.258305978673261,2,4,0,0,1,0,0,0
4-nitroanisole,COc1ccc([N+](=O)[O-])cc1,1,153.137,1.6033999999999997,0,3,52.370000000000005,2,1,1,11,39.64840000000002,0.14285714285714285,0,254.89312562732442,8.267584713501616,5.236382105218448,7.52615711252654,3.005223044230256,63.562866185900255,4,0.2691952053150494,-0.4967597347520019,1,3,0,0,1,0,0,0
4-nitrophenol,Oc1ccc([N+](=O)[O-])cc1,1,139.11,1.3003999999999998,1,3,63.370000000000005,1,1,1,10,34.76120000000001,0.0,0,241.67477087439332,7.560477932315068,4.698377302757663,6.538764845605701,2.344994095834573,56.878612594192774,4,0.2691949560161654,-0.5079581647909615,1,3,0,0,1,0,0,0
4-nitroaniline,Nc1ccc([N+](=O)[O-])cc1,1,138.126,1.177,1,3,69.16,1,1,1,10,37.508800000000015,0.0,0,242.4296583765568,7.560477932315068,4.698377302757663,6.538764845605701,2.344994095834573,57.42426953900948,4,0.26907480043028903,-0.3987220829005813,2,2,0,0,1,0,0,0
2-nitroaniline,Nc1ccccc1[N+](=O)[O-],1,138.126,1.177,1,3,69.16,1,1,1,10,37.50880000000001,0.0,0,259.67965837655686,7.560477932315068,4.71521405516327,6.538764845605701,2.344994095834573,57.42426953900948,4,0.29160098401690615,-0.3931676875151401,2,2,0,0,1,0,0,0
3-nitroaniline,Nc1cccc([N+](=O)[O-])c1,1,138.126,1.177,1,3,69.16,1,1,1,10,37.50880000000001,0.0,0,259.67965837655686,7.560477932315068,4.698377302757663,6.538764845605701,2.344994095834573,57.42426953900948,4,0.27098245050641295,-0.3985247880942554,2,2,0,0,1,0,0,0
2-naphthylamine,Nc1ccc2ccccc2c1,1,143.189,2.4220000000000006,1,1,26.02,0,2,2,11,48.36040000000002,0.0,0,379.28449039867843,7.681798275874712,5.360173345306137,6.22562358276644,2.274078478002378,65.45295834824489,1,0.03199260577968057,-0.3987108799581668,1,0,0,0,0,0,0,0
1-naphthylamine,Nc1cccc2ccccc12,1,143.189,2.4220000000000006,1,1,26.02,0,2,2,11,48.36040000000001,0.0,0,374.03449039867843,7.681798275874712,5.377010097711745,6.22562358276644,2.274078478002378,65.45295834824488,1,0.0393211270578291,-0.39822585696205237,1,0,0,0,0,0,0,0
benzidine,Nc1ccc(-c2ccc(N)cc2)cc1,1,184.242,2.5180000000000007,2,2,52.04,1,2,2,14,60.70280000000001,0.0,0,371.5796467381504,9.966255326250886,6.7540201954234895,8.629973277127478,3.4195064921018083,83.16827871958644,2,0.03139114597596018,-0.39872825651048827,2,0,0,0,0,0,0,0
4-aminobiphenyl,Nc1ccc(-c2ccccc2)cc1,1,169.227,2.9358000000000013,1,1,26.02,1,2,2,13,56.29040000000002,0.0,0,375.62904776215686,9.096011838247808,6.360173345306138,7.866895638429664,3.3149108204518427,77.82838802257372,1,0.031391145975687124,-0.39872825651048843,1,0,0,0,0,0,0,0
2-aminofluorene,Nc1ccc2cc3ccccc3cc2c1,1,193.249,3.5752000000000015,1,1,26.02,0,3,3,15,65.86640000000001,0.0,0,640.957112138695,10.25071237662706,7.3264998404949235,8.30165539811872,2.9895520702499834,88.1346228799801,1,0.03199297051149042,-0.3987108776915652,1,0,0,0,0,0,0,0
aniline,Nc1ccccc1,1,93.12899999999999,1.2688000000000001,1,1,26.02,0,1,1,7,30.8544,0.0,0,134.10736969541455,5.112884175122364,3.393846850117352,4.18611295681063,1.6461962159398054,42.771293816509676,1,0.03134759259121864,-0.39872882948659094,1,0,0,0,0,0,0,0
o-toluidine,Cc1ccccc1N,1,107.156,1.57722,1,1,26.02,0,1,1,8,35.59139999999999,0.14285714285714285,0,160.49662946459569,5.983127663125442,3.804530452640311,5.162450142450142,1.8646221994975438,49.13623593090629,1,0.0343208796951809,-0.39851409803684273,1,0,0,0,0,0,0,0
m-toluidine,Cc1cccc(N)c1,1,107.156,1.5772199999999998,1,1,26.02,0,1,1,8,35.59139999999999,0.14285714285714285,0,164.24662946459569,5.983127663125442,3.787693700234704,5.162450142450142,1.8646221994975438,49.13623593090629,1,0.031614018322708416,-0.39872085761311676,1,0,0,0,0,0,0,0
p-toluidine,Cc1ccc(N)cc1,1,107.156,1.5772199999999998,1,1,26.02,0,1,1,8,35.5914,0.14285714285714285,0,143.24662946459569,5.983127663125442,3.787693700234704,5.162450142450142,1.8646221994975438,49.13623593090628,1,0.03136724816814624,-0.3987285645842668,1,0,0,0,0,0,0,0
4-chloroaniline,Nc1ccc(Cl)cc1,1,127.574,1.9222,1,1,26.02,0,1,1,8,35.86440000000002,0.0,0,147.38833891467198,5.983127663125442,3.787693700234704,5.446798905608755,2.052669547891518,53.07456004339135,2,0.04069947851972144,-0.39872744733106535,1,0,1,0,0,0,0,0
"3,4-dichloroaniline",Nc1ccc(Cl)c(Cl)c1,1,162.019,2.5756000000000006,1,1,26.02,0,1,1,9,40.87440000000001,0.0,0,222.29788705001033,6.8533711511285205,4.198377302757663,6.716279069767443,2.4602853745541022,63.377826270273026,3,0.06122662950118546,-0.3986848928023869,1,0,2,0,0,0,0,0
"2,4-diaminotoluene",Cc1ccc(N)cc1N,1,122.17100000000002,1.1594200000000001,2,2,52.04,0,1,1,9,40.0038,0.14285714285714285,0,218.15617759993404,6.8533711511285205,4.198377302757663,5.947877237851663,1.973221425374384,54.476126627918994,2,0.036387420536472,-0.39866697848540367,2,0,0,0,0,0,0,0
4-aminophenol,Nc1ccc(O)cc1,1,109.12799999999999,0.9743999999999999,2,2,46.25,0,1,1,8,32.5192,0.0,0,147.38833891467198,5.983127663125442,3.787693700234704,4.966627565982405,1.7381205361963379,47.56552756870569,2,0.11522676312677685,-0.5079643210254035,1,1,0,0,0,0,0,0
benzo[a]pyrene,c1ccc2cc3ccc4cccc5ccc(c1)c2c3c45,1,252.31599999999997,5.737200000000003,0,0,0.0,0,5,5,20,87.65200000000004,0.0,0,1086.504969716024,13.10408352775558,9.915816237971967,10.21902349550179,3.486521567643158,116.13708612657337,0,-0.00145401708662077,-0.06162897874262152,0,0,0,0,0,0,0,0
chrysene,c1ccc2c(c1)ccc1ccc3ccccc3c12,1,228.29399999999998,5.146200000000003,0,0,0.0,0,4,4,18,78.96000000000005,0.0,0,801.7526221384024,11.949382989376328,8.932652990377573,9.66576917112106,3.5754525382851057,105.47639671470259,0,-0.002681858629672501,-0.06162898709108941,0,0,0,0,0,0,0,0
benz[a]anthracene,c1ccc2cc3ccccc3cc2c1,1,178.23399999999995,3.993000000000002,0,0,0.0,0,3,3,14,61.45400000000003,0.0,0,488.75909858914036,9.38046888862398,6.932652990377571,7.571439103526888,2.8450836230123144,82.79473218296737,0,-0.01776516776969768,-0.061629349784588755,0,0,0,0,0,0,0,0
"7,12-dimethylbenz[a]anthracene",Cc1ccc2cc3c(C)cccc3cc2c1,1,206.288,4.609840000000003,0,0,0.0,0,3,3,16,70.92800000000003,0.125,0,677.2484465766782,11.120955864630139,7.737183443017882,9.409141869664666,3.3442396665209437,95.52461641176059,0,-0.014834546562093279,-0.06136540131157777,0,0,0,0,0,0,0,0
"dibenz[a,h]anthracene",c1ccc2cc3ccc4ccccc4c3cc2c1,1,228.29399999999998,5.146200000000003,0,0,0.0,0,4,4,18,78.96000000000004,0.0,0,866.2526221384028,11.949382989376328,8.915816237971965,9.66576917112106,3.5754525382851057,105.47639671470259,0,-0.00990254742768067,-0.061629349753120066,0,0,0,0,0,0,0,0
methyl methanesulfonate,COS(=O)(=O)C,1,110.13399999999999,-0.40759999999999996,0,3,43.370000000000005,1,0,0,6,21.85279999999999,1.0,0,110.75488750216347,5.207106781186548,2.5606601717798214,5.91,1.5720954551071142,37.05214062957765,4,0.26362280031595087,-0.27367293755241723,0,3,0,1,0,0,0,0
ethyl methanesulfonate,CCOS(=O)(=O)C,1,124.16099999999999,-0.01749999999999985,0,3,43.370000000000005,2,0,0,7,26.46979999999999,1.0,0,123.11544605258784,5.914213562373095,3.060660171779821,6.910000000000001,2.2771807198876104,43.41708274397426,4,0.26387724790258493,-0.27061261016911886,0,3,0,1,0,0,0,0
dimethyl sulfate,COS(=O)(=O)OC,1,126.13299999999998,-0.476,0,4,52.60000000000001,2,0,0,7,22.937799999999992,1.0,0,112.62522105691478,5.914213562373096,3.121320343559643,6.869999999999999,2.24774250890826,42.37468973514255,5,0.3988164840267319,-0.25155018911828,0,4,0,1,0,0,0,0
N-methyl-N-nitrosourea,CNC(=O)N=O,1,88.066,0.0922,1,2,58.53,0,0,0,6,20.2507,0.5,0,69.94833690207419,4.99156383156272,2.808060412490447,5.07,2.315700245700246,34.51030941010844,4,0.3779570796649713,-0.3368105486704079,2,2,0,0,0,1,0,0
N-nitrosodimethylamine,CN(C)N=O,1,74.083,0.22939999999999994,0,2,32.67,1,0,0,5,19.481999999999996,1.0,0,34.62919048309069,4.284457050376173,2.270055610029662,4.400000000000001,1.6941176470588244,30.528894816894983,3,0.0518010397915032,-0.2670155046627136,2,1,0,0,0,1,0,0
N-nitrosodiethylamine,CCN(CC)N=O,1,102.137,1.0095999999999998,0,2,32.67,3,0,0,7,28.715999999999987,1.0,0,51.65148445440323,5.698670612749268,3.3460652149512318,6.4,3.5851851851851855,43.2587790456882,3,0.05232692312256749,-0.26146542469789014,2,1,0,0,0,1,0,0
N-nitrosomorpholine,O=NN1CCOCC1,1,116.12,0.0,0,3,41.900000000000006,1,0,1,8,28.18699999999999,1.0,1,80.10749561002055,5.819990956308912,3.931851652578137,5.495869565217391,2.6144126737025246,47.36649312166584,4,0.06600621287345607,-0.3776358693881593,2,2,0,0,0,0,0,0
N-methyl-N'-nitro-N-nitrosoguanidine,CNC(=NN=O)N[N+](=O)[O-],1,147.094,-0.9755,2,4,108.99000000000001,2,0,0,10,32.4198,0.5,0,164.27599848312957,7.983127663125442,4.701907262607799,8.269999999999998,4.178866271206513,55.387219742502594,8,0.28053971736231087,-0.35328745334940953,5,3,0,0,1,1,0,0
4-chloro-o-phenylenediamine,Nc1ccc(Cl)c(N)c1,1,142.58900000000003,1.5044,2,2,52.04,0,1,1,9,40.2768,0.0,0,222.29788705001033,6.8533711511285205,4.198377302757663,6.233304562268803,2.1504230342026096,58.414450740404064,3,0.06364544053033651,-0.39866583563168695,2,0,1,0,0,0,0,0
2-chloro-4-nitroaniline,Nc1ccc([N+](=O)[O-])cc1Cl,1,172.571,1.8303999999999998,1,3,69.16,1,1,1,11,42.518800000000006,0.0,0,300.6337992264624,8.430721420318147,5.109060905280622,7.812986611740474,2.7545585087790707,67.72753576589115,5,0.27057002467657526,-0.3975160549785139,2,2,1,0,1,0,0,0
"1-chloro-2,4-dinitrobenzene",Clc1ccc([N+](=O)[O-])cc1[N+](=O)[O-],1,202.553,2.1563999999999997,0,4,86.28,2,1,1,13,44.7608,0.0,0,378.8970430243959,10.008071689507773,6.019744507803581,9.39841732979664,3.359310173331615,77.04062079137823,7,0.2942478961038835,-0.25830596631355957,2,4,1,0,1,0,0,0
chlorambucil,OC(=O)CCCc1ccc(N(CCCl)CCCl)cc1,1,304.217,3.377900000000002,1,2,40.54,9,1,1,19,80.66880000000005,0.5,0,375.5372835152444,14.08757566981053,9.168233757796585,16.12534034311013,9.050250670878938,123.67306201087634,5,0.3028514950889796,-0.4812302517004031,1,2,2,0,0,0,0,1
mechlorethamine,ClCCN(C)CCCl,1,156.05599999999998,1.3958000000000002,0,1,3.24,4,0,0,8,38.93700000000001,1.0,0,43.693328434369654,6.405777393935816,3.808060412490447,8.539999999999997,5.672625994694958,60.5653856093827,3,0.03505590660394677,-0.30400231708502023,1,0,2,0,0,0,0,1
cyclophosphamide,ClCCNP1(=O)OCCCN1CCCl,1,261.08899999999994,1.884,1,2,41.57,5,0,1,14,59.19120000000003,1.0,1,215.86647567444427,10.441311299868556,6.726492059082183,12.758073519400952,6.311144001092418,94.44153500749827,7,0.34298354140885867,-0.305966177865779,2,2,2,0,0,0,0,1
PhIP,Cc1ccc(-c2nc3c(N)nccc3[nH]2)cc1,1,224.26700000000002,2.5155200000000004,2,3,67.59,1,3,3,17,68.47410000000002,0.07692307692307693,0,667.4522523288844,11.828062645816686,8.237183443017884,9.83701137204142,3.5894434137291285,98.52345105161285,4,0.15105454723384482,-0.38183882293091037,4,0,0,0,0,0,1,0
Trp-P-1,CN(C)c1ccc2[nH]c3ncccc3c2c1,1,211.26799999999997,2.7821000000000007,1,2,31.92,1,3,3,16,67.92670000000003,0.15384615384615385,0,652.3860659170384,11.120955864630139,7.754020195423489,9.214388645115354,3.2343886836016873,93.71325848392479,3,0.13780268817710664,-0.3776417442223671,3,0,0,0,0,0,1,0
furylfuramide,O=C(Nc1ccc([N+](=O)[O-])o1)c1ccco1,1,222.15599999999998,2.0330999999999997,1,5,98.52,3,2,2,16,52.023600000000016,0.0,0,513.7515541923053,11.543605595440512,7.664703797946449,9.965190555980577,3.8906920374934497,88.80645797426287,7,0.4343283174923613,-0.4591895996992001,2,5,0,0,1,0,0,0
aflatoxin B1 simplified,O=c1oc2c(OC)cc3c(c2c2c1OCO2)C=CO3,1,260.20099999999996,2.2765000000000004,0,6,71.04,1,3,4,19,64.93100000000003,0.15384615384615385,1,856.8078881887162,12.982763184195939,9.292024997884274,10.30711621817771,3.4411041702874523,105.62008913488167,6,0.3828119510390046,-0.49266900604357755,0,6,0,0,0,0,0,0
4-aminoazobenzene,Nc1ccc(/N=N/c2ccccc2)cc1,1,197.24100000000004,3.6842000000000015,1,3,50.739999999999995,2,2,2,15,61.47240000000003,0.0,0,446.0532648827137,10.510225400620904,7.343336592900531,9.3971519262254,4.371400189024512,88.2751658670628,3,0.0858103632049922,-0.39872675178147654,3,0,0,0,0,0,0,0
Sudan I,Oc1ccc(/N=N/c2ccccc2)cc1,1,198.22500000000005,3.8076000000000025,1,3,44.95,2,2,2,15,58.72480000000003,0.0,0,448.8081523848772,10.510225400620904,7.343336592900531,9.3971519262254,4.371400189024512,87.7295089222461,3,0.11523231148054822,-0.5079642754871322,2,1,0,0,0,0,0,0
methanol,CO,0,32.042,-0.3915,1,1,20.23,0,0,0,2,8.1428,1.0,0,2.0,2.0,1.0,1.96,0.9600000000000016,13.533484780025564,1,0.031940683717728124,-0.3996302435573072,0,1,0,0,0,0,0,0
ethanol,CCO,0,46.069,-0.0014000000000000123,1,1,20.23,0,0,0,3,12.759800000000002,1.0,0,2.7548875021634682,2.7071067811865475,1.4142135623730951,2.9600000000000004,1.96,19.89842689442217,1,0.04022058174908642,-0.3966637147812598,0,1,0,0,0,0,0,0
1-propanol,CCCO,0,60.096,0.3887,1,1,20.23,1,0,0,4,17.376800000000003,1.0,0,5.245112497836532,3.414213562373095,1.914213562373095,3.9600000000000004,2.9600000000000004,26.26336900881878,1,0.04278927992053378,-0.39638735063233616,0,1,0,0,0,0,0,0
1-butanol,CCCCO,0,74.12299999999999,0.7787999999999999,1,1,20.23,2,0,0,5,21.993799999999997,1.0,0,11.119415478763749,4.121320343559642,2.414213562373095,4.960000000000001,3.9600000000000004,32.62831112321538,1,0.043042283485206966,-0.39637675206921097,0,1,0,0,0,0,0,0
acetone,CC(C)=O,0,58.080000000000005,0.5952999999999999,0,1,17.07,0,0,0,4,16.355,0.6666666666666666,0,26.264662506490403,3.5773502691896257,1.7320508075688772,3.67,1.0445318352059925,25.63065735666653,1,0.12626794356014373,-0.30034390268719197,0,1,0,0,0,0,0,0
acetic acid,CC(=O)O,0,60.05200000000001,0.09089999999999993,1,1,37.3,0,0,0,4,13.309800000000001,0.5,0,27.019550008653873,3.5773502691896257,1.7320508075688772,3.4699999999999998,0.8748582995951415,24.059948994465934,2,0.2996845531582142,-0.481433475172105,0,2,0,0,0,0,0,0
propionic acid,CCC(=O)O,0,74.079,0.481,1,1,37.3,1,0,0,5,17.9268,0.6666666666666666,0,40.1577218810798,4.284457050376173,2.270055610029662,4.469999999999999,1.7581844380403455,30.42489110886254,2,0.30255843749205596,-0.4812379170193394,0,2,0,0,0,0,0,0
ethyl acetate,CCOC(C)=O,0,88.106,0.5694,0,2,26.3,1,0,0,6,22.30699999999999,0.75,0,49.50977500432694,4.99156383156272,2.770055610029662,5.469999999999999,2.693713646532438,37.10914470057002,2,0.3021127777269908,-0.4661718899744166,0,2,0,0,0,0,0,0
glycerol,OCC(O)CO,0,92.09400000000001,-1.6681000000000001,3,3,60.69,2,0,0,6,20.1784,1.0,0,25.219280948873624,4.99156383156272,2.808060412490447,5.88,3.0849180327868857,35.851836513210806,3,0.10004702601723478,-0.3935933161206694,0,3,0,0,0,0,0,0
glucose,OCC1OC(O)C(O)C(O)C1O,0,180.156,-3.2214000000000005,5,6,110.38000000000001,1,0,1,12,35.986,1.0,1,146.2188491003481,9.300964908321225,5.574586062669973,9.845034013605442,3.6489161032347726,68.64284443677029,6,0.183570328512782,-0.3935665160029449,0,6,0,0,0,0,0,0
sucrose,OCC1OC(CO)(OC2OC(CO)C(O)C(O)C2O)C(O)C1O,0,342.297,-5.395599999999993,8,11,189.52999999999997,5,0,2,23,68.64140000000003,1.0,2,393.2032272794937,17.361442840636293,10.806896738665586,18.89235232228663,7.207281294562587,130.4364576852225,11,0.2235503336827939,-0.39356651499978823,0,11,0,0,0,0,0,0
urea,NC(N)=O,0,60.056,-0.9762000000000002,2,1,69.11,0,0,0,4,13.7708,0.0,0,29.019550008653873,3.5773502691896257,1.7320508075688772,3.2700000000000005,0.7105286343612336,23.580554521898744,3,0.309056401422831,-0.3518462395056391,2,1,0,0,0,0,0,0
glycine,NCC(=O)O,0,75.067,-0.9702999999999999,2,2,63.32000000000001,1,0,0,5,16.6902,0.5,0,42.91260938324327,4.284457050376173,2.270055610029662,4.43,1.7215451895043727,29.39983969147865,3,0.31675597840558584,-0.4802971300243957,1,2,0,0,0,0,0,0
alanine,CC(N)C(=O)O,0,89.09399999999998,-0.5817999999999999,2,2,63.32000000000001,1,0,0,6,21.285200000000003,0.6666666666666666,0,59.813537528125096,5.1547005383792515,2.6427344100918364,5.43,1.7676338396942162,35.76478180587526,3,0.3196779563386595,-0.4800942338470611,1,2,0,0,0,0,0,0
chloroform,ClC(Cl)Cl,0,119.37800000000001,1.9864,0,0,0.0,0,0,0,4,21.346999999999998,1.0,0,8.0,3.5773502691896257,1.7320508075688772,4.87,2.128397932816538,39.64904970847457,3,0.18010663547779673,-0.08741152777904436,0,0,3,0,0,0,0,1
dichloromethane,ClCCl,0,84.93299999999999,1.4215,0,0,0.0,0,0,0,3,16.573,1.0,0,2.7548875021634682,2.7071067811865475,1.4142135623730951,3.5799999999999996,2.58,29.3457834815929,2,0.09670639037649198,-0.10913232990050524,0,0,2,0,0,0,0,1
carbon tetrachloride,ClC(Cl)(Cl)Cl,0,153.823,2.5529,0,0,0.0,0,0,0,5,26.143,1.0,0,19.11941547876375,4.5,2.0,6.16,1.7418482569208207,49.952315935356246,4,0.26568521128753525,-0.06642130282188381,0,0,4,0,0,0,0,1
trichloroethylene,ClC(=CCl)Cl,0,131.389,2.5017000000000005,0,0,0.0,0,0,0,5,25.642,0.0,0,42.854752972273346,4.284457050376173,2.270055610029662,5.609999999999999,2.826919739696312,45.324388790686925,3,0.1176031867403948,-0.0903590844896965,0,0,3,0,0,0,0,1
fluorobenzene,Fc1ccccc1,0,96.10399999999998,1.8256999999999999,0,0,0.0,0,1,1,7,26.399999999999995,0.0,0,134.10736969541455,5.112884175122364,3.393846850117352,4.31260162601626,1.7349674800723753,41.596938522423194,1,0.12270724034937247,-0.20701252212638083,0,0,1,0,0,0,0,0
chlorobenzene,Clc1ccccc1,0,112.55899999999997,2.34,0,0,0.0,0,1,1,7,31.451999999999998,0.0,0,134.10736969541455,5.112884175122364,3.393846850117352,4.663609831029186,1.9871232675119368,47.73466934637863,1,0.04054844089419866,-0.08434447652490142,0,0,1,0,0,0,0,0
bromobenzene,Brc1ccccc1,0,157.01,2.4491000000000005,0,0,0.0,0,1,1,7,34.142,0.0,0,134.10736969541455,5.112884175122364,3.393846850117352,4.849253731343284,2.123680215888008,51.298950725138326,1,0.017475282511436593,-0.0621899905650267,0,0,1,0,0,0,0,0
benzene,c1ccccc1,0,78.11399999999999,1.6866,0,0,0.0,0,1,1,6,26.441999999999993,0.0,0,71.96100505779535,4.242640687119286,3.0,3.4115708812260532,1.6057694396735218,37.43140311949697,0,-0.062268570782092456,-0.062268570782092456,0,0,0,0,0,0,0,0
toluene,Cc1ccccc1,0,92.14099999999999,1.99502,0,0,0.0,0,1,1,7,31.17899999999999,0.14285714285714285,0,129.96566024533826,5.112884175122364,3.393846850117352,4.380771704180065,1.7832860398554335,43.79634523389357,0,-0.039774526323627504,-0.06224908578199481,0,0,0,0,0,0,0,0
naphthalene,c1ccc2ccccc2c1,0,128.17399999999995,2.839800000000001,0,0,0.0,0,2,2,10,43.94800000000003,0.0,0,271.01518240905483,6.811554787871634,4.9663264951887856,5.482229779997874,2.143052886105772,60.11306765123217,0,-0.018404250672442266,-0.06162971144687501,0,0,0,0,0,0,0,0
phenol,Oc1ccccc1,0,94.11299999999999,1.3921999999999999,1,1,20.23,0,1,1,7,28.106799999999993,0.0,0,134.10736969541455,5.112884175122364,3.393846850117352,4.18611295681063,1.6461962159398054,42.22563687169298,1,0.11507481947527982,-0.5079669948663066,0,1,0,0,0,0,0,0
benzaldehyde,O=Cc1ccccc1,0,106.12399999999997,1.4990999999999999,0,1,17.07,1,1,1,8,31.829499999999992,0.0,0,167.00151696675914,5.819990956308912,3.931851652578137,5.035137880986937,2.262450086021194,47.95786733393734,1,0.14954802883036308,-0.2978964116504968,0,1,0,0,0,0,0,0
benzoic acid,OC(=O)c1ccccc1,0,122.12299999999996,1.3848,1,1,37.3,1,1,1,9,33.4013,0.0,0,203.415952604261,6.69023444431199,4.304530452640311,5.820039011703511,2.306763635550358,52.75210108613335,2,0.3351782346710392,-0.47763925058011736,0,2,0,0,0,0,0,0
acetophenone,CC(=O)c1ccccc1,0,120.15099999999995,1.8892,0,1,17.07,1,1,1,9,36.44650000000001,0.125,0,201.06743705866424,6.69023444431199,4.304530452640311,6.016742712294044,2.4437525520871133,54.32280944833394,1,0.15929849657429365,-0.2945122071568907,0,1,0,0,0,0,0,0
anisole,COc1ccccc1,0,108.13999999999997,1.6952,0,1,9.23,1,1,1,8,32.99399999999999,0.14285714285714285,0,145.73281445033504,5.819990956308912,3.931851652578137,5.162450142450142,2.3586048594225155,48.90989046340045,1,0.11835771513702235,-0.4967685686134767,0,1,0,0,0,0,0,0
styrene,C=Cc1ccccc1,0,104.15199999999997,2.3296,0,0,0.0,1,1,1,8,36.53300000000001,0.0,0,162.65300142116237,5.819990956308912,3.931851652578137,5.10367816091954,2.3141072195146584,49.47168431610592,0,-0.02625578937784246,-0.09847005004016512,0,0,0,0,0,0,0,0
biphenyl,c1ccc(-c2ccccc2)cc1,0,154.21199999999996,3.353600000000001,0,0,0.0,1,2,2,12,51.87800000000003,0.0,0,297.4313204906765,8.225768350244728,5.9663264951887856,7.108736857548047,3.2249464015776437,72.48849732556099,0,-0.018404256076149473,-0.062225394893666276,0,0,0,0,0,0,0,0
aspirin,CC(=O)Oc1ccccc1C(=O)O,0,180.15899999999996,1.3101,1,3,63.60000000000001,2,1,1,13,44.71030000000002,0.1111111111111111,0,343.2228677267164,9.844934982691242,6.109060905280622,9.249605734767023,3.7092512583454584,74.75705264447721,4,0.33900378687731025,-0.4775395271554559,0,4,0,0,0,0,0,0
acetaminophen,CC(=O)Nc1ccc(O)cc1,0,151.165,1.3505999999999998,2,2,49.33,1,1,1,11,42.41050000000002,0.125,0,253.29949758389105,8.267584713501616,5.1815405503520555,7.595374077976819,3.0531381005525,64.66690538413799,3,0.22074743631242583,-0.5079643157925783,1,2,0,0,0,0,0,0
ibuprofen,CC(C)Cc1ccc(C(C)C(=O)O)cc1,0,206.28499999999997,3.073200000000001,1,1,37.3,4,1,1,15,61.03480000000004,0.46153846153846156,0,324.8941190021566,11.422285251880869,7.002907755397974,11.763046018991963,4.964460295417243,90.94175377251302,2,0.3101853515323108,-0.4807885019257389,0,2,0,0,0,0,0,0
caffeine,Cn1cnc2c1c(=O)n(C)c(=O)n2C,0,194.194,-1.0293,0,3,61.82,0,2,2,14,51.19600000000001,0.375,0,616.5285919942219,10.455665446700477,6.5365812602091875,8.73523326923911,2.5679479011227926,79.02895701814933,6,0.3317034326359889,-0.3278634660994821,4,2,0,0,0,0,1,0
warfarin,OC(=O)CC(c1ccccc1)c1ccc(O)cc1,0,242.274,2.998800000000001,2,2,57.53,4,2,2,18,68.64460000000003,0.13333333333333333,0,517.1947945489237,12.957819157813608,8.664703797946448,12.174429825362497,5.361092663978125,105.33331327318662,3,0.30380537655390344,-0.5079666391622811,0,3,0,0,0,0,0,0
saccharin,O=C1NS(=O)(=O)c2ccccc21,0,183.18800000000002,0.11869999999999997,1,3,63.24,0,1,2,12,41.094000000000015,0.0,1,449.4742221869951,8.767584713501616,5.610990332435968,7.297762662226473,2.071155482694469,69.26267425643123,5,0.2658977654618521,-0.2681635002335224,1,3,0,1,0,0,0,0
salicylic acid,OC(=O)c1ccccc1O,0,138.12199999999999,1.0903999999999998,2,2,57.53,1,1,1,10,35.066100000000006,0.0,0,254.78306142431708,7.560477932315068,4.71521405516327,6.607785630153122,2.389632707443791,57.54633483832936,3,0.33896908736073095,-0.507052890945198,0,3,0,0,0,0,0,0
vanillin,COc1ccc(C=O)cc1O,0,152.14899999999997,1.2132999999999998,1,3,46.53,2,1,1,11,40.046300000000016,0.125,0,268.03972257956417,8.267584713501616,5.274386907679232,7.595374077976819,3.0531381005525,64.23058843003683,3,0.16002216895223326,-0.5042389139064142,0,3,0,0,0,0,0,0
coumarin,O=C1OC2=CC=CC=C2C=C1,0,146.14499999999998,1.793,0,2,30.21,0,2,2,11,42.484000000000016,0.0,0,428.5108208761056,7.681798275874712,5.360173345306137,6.160248407637458,2.234974333040861,63.07940657528497,2,0.33569031616433825,-0.4227294736611369,0,2,0,0,0,0,0,0
caprolactam,O=C1CCCCCN1,0,113.16000000000001,0.6766000000000001,1,1,29.1,0,0,1,8,31.477699999999988,0.8333333333333334,1,80.52932501298082,5.819990956308912,3.893846850117352,5.603868808567603,2.6984359410043637,49.26951472993517,2,0.21949405032902752,-0.3561070295708626,1,1,0,0,0,0,0,0
dimethyl sulfoxide,CS(C)=O,0,78.136,-0.005299999999999971,0,1,17.07,0,0,0,4,19.990399999999998,1.0,0,29.019550008653873,3.5773502691896257,1.7320508075688772,4.150000000000002,1.4674603174603182,28.478447345802074,2,0.014804214088221839,-0.2601579626577377,0,1,0,1,0,0,0,0
N-methylpyrrolidone,CN1CCCC1=O,0,99.133,0.23859999999999992,0,1,20.310000000000002,0,0,1,7,26.870999999999988,0.8,1,90.08094399727418,5.276020881938894,3.304530452640311,4.624559505409582,1.5234757718400516,43.11454410213389,2,0.2218735635044728,-0.34574891494977367,1,1,0,0,0,0,0,0
cyclohexane,C1CCCCC1,0,84.162,2.3406000000000002,0,0,0.0,0,0,1,6,27.701999999999984,1.0,1,15.509775004326936,4.242640687119286,3.0,4.166666666666667,2.2222222222222223,39.55813044628337,0,-0.0533059727891157,-0.0533059727891157,0,0,0,0,0,0,0,0
cyclohexanol,OC1CCCCC1,0,100.161,1.3114,1,1,20.23,0,0,1,7,29.091799999999985,1.0,1,46.14170945007629,5.112884175122364,3.393846850117352,5.10367816091954,2.3141072195146584,44.35236419847938,1,0.053984774844812504,-0.39313138246784024,0,1,0,0,0,0,0,0
cyclohexanone,O=C1CCCCC1,0,98.14500000000001,1.5196,0,1,17.07,0,0,1,7,28.091999999999985,0.8333333333333334,1,68.24920506009684,5.112884175122364,3.393846850117352,4.8199250374812594,2.101967961325131,43.719652546327126,1,0.13241132759858107,-0.2997179089731855,0,1,0,0,0,0,0,0
diethyl ether,CCOCC,0,74.123,1.0428000000000002,0,1,9.23,2,0,0,5,22.166999999999994,1.0,0,11.119415478763749,4.121320343559642,2.414213562373095,4.960000000000001,3.9600000000000004,32.94762260052625,1,0.043708412524692805,-0.3820258357826421,0,1,0,0,0,0,0,0
tetrahydrofuran,C1CCOC1,0,72.107,0.7968,0,1,9.23,0,0,1,5,20.052999999999997,1.0,1,15.219280948873621,3.5355339059327378,2.5,3.1616129032258065,1.4103121748178982,31.941791446997026,1,0.046638169849841704,-0.3814493819627182,0,1,0,0,0,0,0,0
"1,4-dioxane",C1COCCO1,0,88.106,0.03320000000000001,0,2,18.46,0,0,1,6,21.637999999999995,1.0,1,21.019550008653873,4.242640687119286,3.0,4.088918918918919,2.157216946676406,37.055336676503906,2,0.07011439546557022,-0.37666763607345255,0,2,0,0,0,0,0,0
dimethylformamide,CN(C)C=O,0,73.095,-0.2956000000000001,0,1,20.310000000000002,1,0,0,5,19.750999999999998,0.6666666666666666,0,33.87430298092722,4.284457050376173,2.270055610029662,4.469999999999999,1.7581844380403455,31.390491026869903,2,0.2086847180796838,-0.35138679501082243,1,1,0,0,0,0,0,0
pyridine,c1ccncc1,0,79.10199999999998,1.0816,0,1,12.89,0,1,1,6,24.236999999999995,0.0,0,75.86113958768547,4.242640687119286,3.0,3.3441747572815532,1.5525827127910268,36.651051100443475,1,0.02672876829526118,-0.264736970888988,1,0,0,0,0,0,1,0
quinoline,c1ccnc2ccccc12,0,129.16199999999995,2.2348,0,1,12.89,0,2,2,10,41.74300000000002,0.0,0,275.7051383449476,6.811554787871634,4.9663264951887856,5.41760450263056,2.102543034625171,59.33271563217868,1,0.07014348447327305,-0.25626672847773607,1,0,0,0,0,0,1,0
indole,c1ccc2[nH]ccc2c1,0,117.15099999999997,2.1678999999999995,1,0,15.79,0,2,2,9,38.29870000000001,0.0,0,278.54542122074673,6.104448006685086,4.4663264951887856,4.621116323679656,1.6217242815493544,53.322228072246475,1,0.04533934729771151,-0.3611762912891017,1,0,0,0,0,0,1,0
imidazole,c1cnc[nH]1,0,68.079,0.40969999999999995,1,1,28.68,0,1,1,5,18.5877,0.0,0,61.369930610534254,3.5355339059327378,2.5,2.4475296912114013,0.8845561128632765,29.860211521457774,2,0.09190960426066128,-0.35117678564585386,2,0,0,0,0,0,1,0
morpholine,C1COCCN1,0,87.122,-0.3938000000000001,1,2,21.259999999999998,0,0,1,6,23.688699999999994,1.0,1,23.019550008653873,4.242640687119286,3.0,4.088918918918919,2.157216946676406,37.49165363060507,2,0.05910807224558097,-0.37881251357971846,1,1,0,0,0,0,0,0
piperidine,C1CCNCC1,0,85.15,0.7599,1,1,12.03,0,0,1,6,26.72069999999999,1.0,1,19.40990953421706,4.242640687119286,3.0,4.127785234899329,2.189674338993739,38.743050515494794,1,-0.004891140011689818,-0.3167325809905548,1,0,0,0,0,0,0,0
thiophene,c1ccsc1,0,84.14299999999999,1.7480999999999998,0,1,0.0,0,1,1,5,24.318999999999996,0.0,0,60.12481811269772,3.5355339059327378,2.5,2.9127659574468083,1.2210502489814397,35.07176638990846,1,-0.009338438056026077,-0.152454341484825,0,0,0,1,0,0,0,0
atrazine,CCNc1nc(Cl)nc(NC(C)C)n1,0,215.68800000000002,1.7770999999999997,2,5,62.730000000000004,4,1,1,14,57.75940000000002,0.625,0,301.78315486014867,10.55204176387779,6.613392202930193,10.977519379844964,4.95024333881867,88.3180482284173,6,0.22849708692226087,-0.3543182635074518,5,0,1,0,0,0,1,0
"2,4-D",OC(=O)COc1ccc(Cl)cc1Cl,0,221.039,2.4568000000000003,1,2,46.53,3,1,1,13,49.59280000000002,0.125,0,325.16521978178946,9.844934982691242,6.092224152875015,10.15285004142502,4.34685154672948,84.83712088380017,5,0.3412236092634533,-0.48034844459329457,0,3,2,0,0,0,0,0
malathion,CCOC(=O)CC(SP(=S)(OC)OC)C(=O)OCC,0,330.3640000000001,2.1218000000000004,0,8,71.06,9,0,0,19,77.56500000000004,0.8,0,340.9115786798855,14.88890505706126,8.918362620557913,18.859999999999996,9.715029932282086,121.96590766908359,9,0.31969382264975577,-0.4659275615510423,0,6,0,2,0,0,0,0
D-limonene,CC1=CCC(=CC1)C(C)=C,0,134.22199999999998,3.229000000000002,0,0,0.0,1,0,1,10,45.88800000000003,0.4,1,204.07820003461555,7.560477932315068,4.698377302757663,7.328459869848157,2.8694839561664094,62.94908980731702,0,-0.009539840068394439,-0.0958382287814418,0,0,0,0,0,0,0,0
menthol,CC(C)C1CCC(C)CC1O,0,156.269,2.439500000000001,1,1,20.23,1,0,1,11,47.34980000000002,1.0,1,120.04118472439221,8.430721420318147,5.109060905280621,9.05124087591241,3.5728285052475055,69.8121326560658,1,0.05729302557713654,-0.39282090888948124,0,1,0,0,0,0,0,0
camphor,CC1(C)C2CCC1(C)C(=O)C2,0,152.237,2.401700000000001,0,1,17.07,0,0,2,11,44.23600000000002,0.9,2,216.91266689075218,8.276020881938894,4.982998800364114,7.326147454014241,1.701311022684903,68.17358985038433,1,0.13909874627049695,-0.2990642887496957,0,1,0,0,0,0,0,0
linalool,CC(C)=CCCC(C)(O)C=C,0,154.253,2.6698000000000013,1,1,20.23,4,0,0,11,49.485800000000026,0.6,0,150.25571236699292,8.905777393935816,4.97716239121621,10.44,4.345263593221741,69.43875774522651,1,0.0799543275016631,-0.38609150256085306,0,1,0,0,0,0,0,0
alpha-pinene,CC1=CCC2CC1C2(C)C,0,136.238,2.9987000000000013,0,0,0.0,0,0,3,10,43.75200000000002,0.8,3,186.21499122004107,7.3533711511285205,4.621027033568037,6.450201165867344,1.6637425470500236,63.322464718156304,0,-0.014892219704730342,-0.08501290675016873,0,0,0,0,0,0,0,0
carvone,CC(=C)C1CC=C(C)C(=O)C1,0,150.22099999999998,2.4879000000000007,0,1,17.07,1,0,1,11,46.30200000000003,0.5,1,223.02727634487286,8.430721420318147,5.1090609052806215,8.248522167487685,3.0354524341669897,67.80021493954504,1,0.15836923542949272,-0.2945568590881993,0,1,0,0,0,0,0,0
phenylalanine,NC(Cc1ccccc1)C(=O)O,0,165.19199999999995,0.641,2,2,63.32000000000001,3,1,1,12,45.75720000000002,0.2222222222222222,0,258.4908622767174,8.974691494688164,5.698377302757663,8.743896713615024,3.8752009284976325,70.82187601193928,3,0.32031550163956013,-0.48007770020344237,1,2,0,0,0,0,0,0
tryptophan,NC(Cc1c[nH]c2ccccc12)C(=O)O,0,204.22899999999998,1.1223000000000003,3,2,79.11,3,2,2,15,57.61390000000001,0.18181818181818182,0,490.0485079143074,10.836498814253964,7.1815405503520555,9.733912004652456,3.744477633359755,86.71270096468879,4,0.32031692105916915,-0.4800776923593587,2,2,0,0,0,0,1,0
tyrosine,NC(Cc1ccc(O)cc1)C(=O)O,0,181.19099999999997,0.3466,3,3,83.55,3,1,1,13,47.42200000000002,0.2222222222222222,0,294.23305328030176,9.844934982691242,6.092224152875014,9.537336244541484,3.909515505702705,75.6161097641353,4,0.32031550178849594,-0.5079666451758841,1,3,0,0,0,0,0,0
