name,smiles,family,mw,logp,hbd,hba,rotbonds,arom_rings,total_rings,tpsa,heavy_atoms,frac_csp3,mol_refractivity,nhoh,no_count,planarity_score,pi_extent,fp_density,fluoro_substitution,space_uv_factor,bandgap_ev,abs_efficiency
Pentacene,c1ccc2cc3cc4cc5ccccc5cc4cc3cc2c1,acene,278.354,6.299400000000003,0,0,0,5,5,0.0,22,0.0,96.46600000000004,0,0,1.0,30,0.021484375,0.0,0.0,2.7,0.85
Tetracene,c1ccc2cc3cc4ccccc4cc3cc2c1,acene,228.29399999999998,5.146200000000003,0,0,0,4,4,0.0,18,0.0,78.96000000000002,0,0,1.0,24,0.021484375,0.0,0.0,2.4,0.8
Hexacene,c1ccc2cc3cc4cc5cc6ccccc6cc5cc4cc3cc2c1,acene,328.41400000000004,7.452600000000003,0,0,0,6,6,0.0,26,0.0,113.97200000000004,0,0,1.0,36,0.021484375,0.0,0.0,3.0,0.87
Rubrene_unit,c1ccc(-c2cc3ccccc3cc2)cc1,acene,204.272,4.506800000000003,0,0,1,3,3,0.0,16,0.0,69.38400000000004,0,0,1.0,18,0.03515625,0.0,0.0,3.1,0.88
Chrysene,c1ccc2cc3ccccc3cc2c1,PAH,178.23399999999995,3.993000000000002,0,0,0,3,3,0.0,14,0.0,61.45400000000003,0,0,1.0,18,0.01953125,0.0,0.0,2.5,0.78
Pyrene,c1cc2ccc3cccc4ccc(c1)c2c34,PAH,202.25599999999997,4.584000000000002,0,0,0,4,4,0.0,16,0.0,70.14600000000003,0,0,1.0,24,0.021484375,0.0,0.0,2.6,0.79
Triphenylene,c1ccc2cc3ccccc3cc2c1,PAH,178.23399999999995,3.993000000000002,0,0,0,3,3,0.0,14,0.0,61.45400000000003,0,0,1.0,18,0.01953125,0.0,0.0,2.8,0.81
Fluorene,c1ccc2c(c1)Cc1ccccc1-2,PAH,166.22299999999998,3.2578000000000014,0,0,0,2,3,0.0,13,0.07692307692307693,54.684000000000026,0,0,0.9230769230769231,16,0.02734375,0.0,0.0,2.0,0.7
Coronene,c1cc2ccc3ccc4ccc5ccc6ccc1c1c2c3c4c5c61,PAH,300.36000000000007,6.919200000000002,0,0,0,7,7,0.0,24,0.0,105.03600000000007,0,0,1.0,42,0.015625,0.0,0.0,3.6,0.9
Perylene,C1=C2C=CC=CC2=C2C=CC=CC2=C2C=CC=CC12,rylene,242.321,2.6605800000000013,0,0,0,2,4,0.0,19,0.05263157894736842,79.44900000000001,0,0,0.631578947368421,20,0.052734375,0.0,0.0,3.0,0.84
P3HT_unit,CCCCCCc1ccc(s1),donor,168.305,3.8709000000000033,0,1,5,1,1,0.0,11,0.6,52.16500000000004,0,0,0.45454545454545453,6,0.046875,0.0,0.0,2.1,0.71
DPP_core,O=C1c2ccccc2C(=O)N1c1ccccc1,donor,223.231,2.4872000000000005,0,2,1,2,3,37.38,17,0.0,64.02400000000003,0,3,0.7058823529411765,16,0.037109375,0.0,0.0,2.4,0.78
Carbazole,c1ccc2[nH]c3ccccc3c2c1,donor,167.21099999999998,3.3211000000000013,1,0,0,3,3,15.79,13,0.0,55.80470000000002,1,1,1.0,18,0.025390625,0.0,0.0,2.2,0.73
BTR_unit,c1cc2c(s1)-c1sccc1-2,donor,164.254,3.4570000000000007,0,2,0,2,3,0.0,10,0.0,46.626000000000005,0,0,1.0,16,0.025390625,0.0,0.0,2.3,0.76
PDI_core,O=C1c2cccc3cccc4cccc(c2c3c14)C(=O)N1CCCCC1,PDI,341.4100000000002,3.663400000000002,0,2,1,0,5,37.38,26,0.21739130434782608,101.15900000000002,0,3,0.0,20,0.0703125,0.0,0.0,3.8,0.92
IT4F_core,O=C1C(=Cc2sc3c(c2)c2c(cc3)CCCC2)c2ccc(F)c(F)c2C1=O,NFA,380.415,5.364300000000003,0,3,1,3,5,34.14,27,0.18181818181818182,102.03350000000006,0,2,0.5555555555555556,26,0.091796875,0.0,0.0,4.1,0.93
Triazine_acc,c1ncnc(c1)-c1ccncc1,BN_mat,157.17599999999996,1.5385999999999997,0,3,1,2,2,38.67,12,0.0,45.26300000000002,0,3,1.0,12,0.037109375,0.0,0.0,1.8,0.65
Benzimidazole,c1ccc2[nH]cnc2c1,rad_hard,118.13899999999998,1.5629,1,1,0,2,2,28.68,9,0.0,36.0937,1,2,1.0,12,0.037109375,0.0,0.0,1.7,0.62
Polyimide_unit,O=C1OC(=O)c2ccccc21,rad_hard,148.11699999999996,0.9972,0,3,0,1,2,43.370000000000005,11,0.0,36.18800000000001,0,3,0.5454545454545454,10,0.02734375,0.0,0.0,1.9,0.66
PTFE_unit,C(F)(F)=C(F)F,rad_hard,100.01400000000001,1.991,0,0,0,0,0,0.0,6,0.0,11.458000000000002,0,0,0.0,0,0.009765625,0.0,0.0,0.3,0.2
Diamond_unit,C12CC3CC(CC(C3)C1)C2,rad_hard,136.238,2.832600000000001,0,0,0,0,4,0.0,10,1.0,41.66200000000001,0,0,0.0,16,0.01171875,0.0,0.0,1.2,0.5
MAI_cation,C[NH3+],perovskite,32.066,-1.1419000000000001,1,0,0,0,0,27.64,2,1.0,8.8121,3,1,0.0,0,0.005859375,0.0,0.0,0.5,0.3
FA_cation,NC(=N)N,perovskite,59.071999999999996,-1.1614300000000002,3,1,0,0,0,75.89,4,0.0,16.1015,5,3,0.0,0,0.01171875,0.0,0.0,0.8,0.4
Rhodamine_B,CCN(CC)c1ccc2c(c1)OC1=CC(=[N+](CC)CC)C=CC1=C2c1ccccc1C(=O)O,dye,443.5670000000002,5.561000000000005,1,3,7,2,4,56.69,33,0.2857142857142857,135.14329999999998,1,5,0.6060606060606061,20,0.1015625,0.0,0.0,2.9,0.82
C60_unit,C12=C3C4=C5C1=C1C6=C7C2=C2C8=C3C3=C9C4=C4C%10=C5C5=C1C1=C6C6=C%11C7=C2C2=C7C8=C3C3=C8C9=C4C4=C9C%10=C5C5=C1C1=C6C%11=C2C7=C3C8=C4C9=C51,fullerene,600.5500000000002,14.775000000000007,0,0,0,26,26,0.0,50,0.0,217.30000000000015,0,0,1.0,156,0.005859375,0.0,0.0,3.5,0.88
Pentacene_aug0,c1ccc2cc3cc4cc5ccccc5cc4cc3cc2c1,acene,279.73432124503194,6.59659356023761,0,0,0,5,5,0.0,22,0.0,96.46600000000004,0,0,0.9711515763473776,30,0.020064805473604064,0.9647,0.025,2.8601,0.9057
Pentacene_aug1,c1ccc2cc3cc4cc5ccccc5cc4cc3cc2c1,acene,276.2581785134679,6.333128701941291,0,0,0,5,5,0.0,22,0.0,96.46600000000004,0,0,1.0,30,0.02520847016472743,0.977,0.0037,2.8405,0.8437
Pentacene_aug2,c1ccc2cc3cc4cc5ccccc5cc4cc3cc2c1,acene,284.58010073164127,6.486625638364217,0,0,0,5,5,0.0,22,0.01969467621086396,96.46600000000004,0,0,0.950668244602332,30,0.011088261176063506,0.8416,-0.0697,2.7481,0.867
Pentacene_aug3,c1ccc2cc3cc4cc5ccccc5cc4cc3cc2c1,acene,284.1662067113796,6.094316639644214,0,0,0,5,5,0.0,22,0.04083635062981157,96.46600000000004,0,0,0.9775382268419488,30,0.02066094259905449,0.8778,-0.0997,2.7232,0.8756
Pentacene_aug4,c1ccc2cc3cc4cc5ccccc5cc4cc3cc2c1,acene,310.1421439722352,6.35691816902626,0,0,0,5,5,0.0,22,0.016398442186084713,96.46600000000004,0,0,0.9966611351017115,30,0.018328544454948324,0.9548,0.0182,2.8518,0.8185
Pentacene_aug5,c1ccc2cc3cc4cc5ccccc5cc4cc3cc2c1,acene,274.51059914457926,6.414194468607452,0,0,0,5,5,0.0,22,0.01700172103130622,96.46600000000004,0,0,0.9926459885483555,30,0.06673586559817675,0.653,-0.0489,2.7426,0.8873
Pentacene_aug6,c1ccc2cc3cc4cc5ccccc5cc4cc3cc2c1,acene,273.20592152084527,6.680248917987813,0,0,0,5,5,0.0,22,0.0091291167079334,96.46600000000004,0,0,1.0,30,0.025811163807968565,0.0379,-0.0177,2.6876,0.8698
Pentacene_aug7,c1ccc2cc3cc4cc5ccccc5cc4cc3cc2c1,acene,286.1595871525008,6.481325026517623,0,0,0,5,5,0.0,22,0.0,96.46600000000004,0,0,0.9993252676255134,30,0.03234444219511764,0.255,-0.0492,2.6865,0.7916
Tetracene_aug0,c1ccc2cc3cc4ccccc4cc3cc2c1,acene,240.56675679859785,5.518983168482826,0,0,0,4,4,0.0,18,0.0,78.96000000000002,0,0,1.0,24,0.018612370132130247,0.9341,0.0355,2.5663,0.8346
Tetracene_aug1,c1ccc2cc3cc4ccccc4cc3cc2c1,acene,221.78691533301773,5.153206073693857,0,0,0,4,4,0.0,18,0.0,78.96000000000002,0,0,1.0,24,0.053487762928240756,0.4698,0.0074,2.4732,0.7861
Tetracene_aug2,c1ccc2cc3cc4ccccc4cc3cc2c1,acene,238.77081197077007,4.970126849005449,0,0,0,4,4,0.0,18,0.010185639381730812,78.96000000000002,0,0,0.9769960829764808,24,0.01,0.4887,-0.0022,2.4662,0.834
Tetracene_aug3,c1ccc2cc3cc4ccccc4cc3cc2c1,acene,254.09581145018643,5.079989690521501,0,0,0,4,4,0.0,18,0.023939596659818003,78.96000000000002,0,0,0.9959572959288077,24,0.06490192674725388,0.864,0.0091,2.53,0.8246
Tetracene_aug4,c1ccc2cc3cc4ccccc4cc3cc2c1,acene,201.8013860223118,4.946260340056366,0,0,0,4,4,0.0,18,0.0,78.96000000000002,0,0,0.997103570610792,24,0.010654827317521764,0.7769,0.0268,2.5356,0.8041
Tetracene_aug5,c1ccc2cc3cc4ccccc4cc3cc2c1,acene,251.60206128731915,5.399254787860471,0,0,0,4,4,0.0,18,0.025179998166152302,78.96000000000002,0,0,0.9751613495203088,24,0.04222940014327616,0.7015,0.0065,2.5047,0.8625
Tetracene_aug6,c1ccc2cc3cc4ccccc4cc3cc2c1,acene,216.18457237958154,5.164928540162804,0,0,0,4,4,0.0,18,0.034868388781890115,78.96000000000002,0,0,1.0,24,0.014001669413409246,0.3731,-0.0384,2.4139,0.7997
Tetracene_aug7,c1ccc2cc3cc4ccccc4cc3cc2c1,acene,252.00989800941935,5.369229161847621,0,0,0,4,4,0.0,18,0.0,78.96000000000002,0,0,1.0,24,0.0295579757501792,0.315,-0.0089,2.4352,0.8265
Hexacene_aug0,c1ccc2cc3cc4cc5cc6ccccc6cc5cc4cc3cc2c1,acene,297.7472978178161,7.609973843130345,0,0,0,6,6,0.0,26,0.014759061172763571,113.97200000000004,0,0,1.0,36,0.01,0.6096,-0.084,3.0013,0.9306
Hexacene_aug1,c1ccc2cc3cc4cc5cc6ccccc6cc5cc4cc3cc2c1,acene,339.9592467730161,7.525297717105855,0,0,0,6,6,0.0,26,0.0,113.97200000000004,0,0,1.0,36,0.01,0.4464,-0.0074,3.0551,0.9227
Hexacene_aug2,c1ccc2cc3cc4cc5cc6ccccc6cc5cc4cc3cc2c1,acene,343.42949898416776,7.405220511982327,0,0,0,6,6,0.0,26,0.0006116385947395694,113.97200000000004,0,0,0.9911908822287219,36,0.01,0.9661,-0.034,3.1012,0.8947
Hexacene_aug3,c1ccc2cc3cc4cc5cc6ccccc6cc5cc4cc3cc2c1,acene,306.0173917935336,7.811344029224575,0,0,0,6,6,0.0,26,0.061516654403636926,113.97200000000004,0,0,0.9992569472237497,36,0.01,0.5227,0.0442,3.1174,0.8907
Hexacene_aug4,c1ccc2cc3cc4cc5cc6ccccc6cc5cc4cc3cc2c1,acene,317.89664043928923,7.602954366463238,0,0,0,6,6,0.0,26,0.0,113.97200000000004,0,0,0.9888554578957381,36,0.050884059848480406,0.9061,0.0397,3.1666,0.8687
Hexacene_aug5,c1ccc2cc3cc4cc5cc6ccccc6cc5cc4cc3cc2c1,acene,347.8344035125617,7.367990576094851,0,0,0,6,6,0.0,26,0.011875114984876834,113.97200000000004,0,0,0.9955793382235485,36,0.01,0.3541,0.0388,3.0884,0.9209
Hexacene_aug6,c1ccc2cc3cc4cc5cc6ccccc6cc5cc4cc3cc2c1,acene,313.4378468596313,7.605346815306527,0,0,0,6,6,0.0,26,0.0,113.97200000000004,0,0,0.9904275103991032,36,0.024474229498222137,0.0039,-0.0456,2.955,0.9023
Hexacene_aug7,c1ccc2cc3cc4cc5cc6ccccc6cc5cc4cc3cc2c1,acene,301.93555847317,7.042649636915492,0,0,0,6,6,0.0,26,0.0,113.97200000000004,0,0,0.9921009685707185,36,0.015506986275746967,0.8682,-0.0466,3.0749,0.8745
Rubrene_unit_aug0,c1ccc(-c2cc3ccccc3cc2)cc1,acene,196.46128975990385,4.799402007037952,0,0,1,3,3,0.0,16,0.0,69.38400000000004,0,0,0.99680853871859,18,0.041711512979516134,0.1312,-0.0633,3.0551,0.9031
Rubrene_unit_aug1,c1ccc(-c2cc3ccccc3cc2)cc1,acene,229.95278244726364,4.902157095989704,0,0,1,3,3,0.0,16,0.0,69.38400000000004,0,0,0.9801647012923073,18,0.0492845524977664,0.0191,-0.044,3.0587,0.9011
Rubrene_unit_aug2,c1ccc(-c2cc3ccccc3cc2)cc1,acene,230.9202104386534,4.824642474362987,0,0,1,3,3,0.0,16,0.0016033192823624817,69.38400000000004,0,0,0.9426847862974725,18,0.027456019105886104,0.172,-0.0555,3.0686,0.8285
Rubrene_unit_aug3,c1ccc(-c2cc3ccccc3cc2)cc1,acene,183.97649931209946,4.9909765761258535,0,0,1,3,3,0.0,16,0.0,69.38400000000004,0,0,0.9747045921380946,18,0.03531395596149163,0.2924,-0.0847,3.0562,0.8634
Rubrene_unit_aug4,c1ccc(-c2cc3ccccc3cc2)cc1,acene,214.54918934834524,4.776007007294396,0,0,1,3,3,0.0,16,0.0,69.38400000000004,0,0,1.0,18,0.02322297650756365,0.055,0.0354,3.1431,0.864
Rubrene_unit_aug5,c1ccc(-c2cc3ccccc3cc2)cc1,acene,194.17639245798784,4.313899466619784,0,0,1,3,3,0.0,16,0.02568255247671261,69.38400000000004,0,0,0.9843849950223653,18,0.08663758750909345,0.4574,-0.0706,3.0934,0.8678
Rubrene_unit_aug6,c1ccc(-c2cc3ccccc3cc2)cc1,acene,187.49631139755817,4.271514913177295,0,0,1,3,3,0.0,16,0.04018477351357471,69.38400000000004,0,0,1.0,18,0.05565581881649836,0.7558,0.0493,3.2551,0.8678
Rubrene_unit_aug7,c1ccc(-c2cc3ccccc3cc2)cc1,acene,201.80807171884095,4.389032345302781,0,0,1,3,3,0.0,16,0.0,69.38400000000004,0,0,1.0,18,0.024374050937506053,0.6316,0.0056,3.194,0.8489
Chrysene_aug0,c1ccc2cc3ccccc3cc2c1,PAH,174.9984901760895,3.974661025281938,0,0,0,3,3,0.0,14,0.0,61.45400000000003,0,0,0.9651188910728377,18,0.021173743280766513,0.986,-0.0531,2.585,0.7828
Chrysene_aug1,c1ccc2cc3ccccc3cc2c1,PAH,193.48202762588724,4.122266051951528,0,0,0,3,3,0.0,14,0.0647941506958701,61.45400000000003,0,0,1.0,18,0.01,0.0338,-0.0701,2.4346,0.7391
Chrysene_aug2,c1ccc2cc3ccccc3cc2c1,PAH,172.01337366576905,4.128512084058461,0,0,0,3,3,0.0,14,0.0,61.45400000000003,0,0,1.0,18,0.02856618124807053,0.6314,-0.0313,2.5571,0.7989
Chrysene_aug3,c1ccc2cc3ccccc3cc2c1,PAH,156.76748161599562,4.360186400049762,0,0,0,3,3,0.0,14,0.0,61.45400000000003,0,0,1.0,18,0.016902585127357525,0.5736,-0.0987,2.4816,0.7438
Chrysene_aug4,c1ccc2cc3ccccc3cc2c1,PAH,193.72663708806388,3.6232629397023266,0,0,0,3,3,0.0,14,0.030062063359536182,61.45400000000003,0,0,1.0,18,0.02750208262983458,0.1241,-0.0607,2.4567,0.777
Chrysene_aug5,c1ccc2cc3ccccc3cc2c1,PAH,180.697753065426,3.7768350885765223,0,0,0,3,3,0.0,14,0.0,61.45400000000003,0,0,0.9987222162756036,18,0.01087200562967086,0.5042,0.0334,2.6039,0.8122
Chrysene_aug6,c1ccc2cc3ccccc3cc2c1,PAH,170.8430587053091,4.103363830949006,0,0,0,3,3,0.0,14,0.024221766146745333,61.45400000000003,0,0,0.9849023535489129,18,0.03564277356576327,0.2077,0.0003,2.5294,0.8377
Chrysene_aug7,c1ccc2cc3ccccc3cc2c1,PAH,188.4908262358347,4.075131794753135,0,0,0,3,3,0.0,14,0.00945537100344959,61.45400000000003,0,0,1.0,18,0.022569675258387167,0.339,-0.0019,2.5456,0.8046
Pyrene_aug0,c1cc2ccc3cccc4ccc(c1)c2c34,PAH,202.73634516481334,4.898194343403915,0,0,0,4,4,0.0,16,0.0,70.14600000000003,0,0,0.9726276870247252,24,0.01,0.412,-0.0871,2.5706,0.8175
Pyrene_aug1,c1cc2ccc3cccc4ccc(c1)c2c34,PAH,189.1246946354983,4.798068117409737,0,0,0,4,4,0.0,16,0.015374716866173466,70.14600000000003,0,0,0.9684716111520878,24,0.01,0.4251,-0.0726,2.587,0.7591
Pyrene_aug2,c1cc2ccc3cccc4ccc(c1)c2c34,PAH,218.61540861587713,4.217587490379444,0,0,0,4,4,0.0,16,0.046340838667984906,70.14600000000003,0,0,1.0,24,0.01,0.5153,-0.0329,2.6392,0.7913
Pyrene_aug3,c1cc2ccc3cccc4ccc(c1)c2c34,PAH,225.5205120852552,4.7830841341982095,0,0,0,4,4,0.0,16,0.0,70.14600000000003,0,0,1.0,24,0.04142328629095059,0.9314,-0.031,2.6994,0.789
Pyrene_aug4,c1cc2ccc3cccc4ccc(c1)c2c34,PAH,206.34475467948909,4.9223638304719435,0,0,0,4,4,0.0,16,0.0,70.14600000000003,0,0,0.9891186039553418,24,0.016614601579959767,0.3611,-0.087,2.5636,0.7947
Pyrene_aug5,c1cc2ccc3cccc4ccc(c1)c2c34,PAH,218.93744190088856,4.789602302726284,0,0,0,4,4,0.0,16,0.0,70.14600000000003,0,0,1.0,24,0.01131414250391566,0.9286,0.0386,2.7686,0.8304
Pyrene_aug6,c1cc2ccc3cccc4ccc(c1)c2c34,PAH,214.9949085251786,4.637742580883068,0,0,0,4,4,0.0,16,0.03805490546713944,70.14600000000003,0,0,0.9916756721912405,24,0.02063409117578872,0.6456,-0.0636,2.6268,0.8104
Pyrene_aug7,c1cc2ccc3cccc4ccc(c1)c2c34,PAH,218.79070445234856,4.782522443109102,0,0,0,4,4,0.0,16,0.02721747422543581,70.14600000000003,0,0,0.9574503734318078,24,0.041141716214673905,0.3599,-0.0398,2.6106,0.7838
Triphenylene_aug0,c1ccc2cc3ccccc3cc2c1,PAH,183.22349680160013,4.217643201347225,0,0,0,3,3,0.0,14,0.0,61.45400000000003,0,0,1.0,18,0.07081306259744691,0.9844,-0.0469,2.8909,0.7896
Triphenylene_aug1,c1ccc2cc3ccccc3cc2c1,PAH,183.2247521652208,4.062900763217078,0,0,0,3,3,0.0,14,0.0009320990002051459,61.45400000000003,0,0,0.9844104574613247,18,0.0178878742402571,0.8782,-0.0757,2.8472,0.8293
Triphenylene_aug2,c1ccc2cc3ccccc3cc2c1,PAH,174.44874964333277,4.053058367853217,0,0,0,3,3,0.0,14,0.0570287903172083,61.45400000000003,0,0,1.0,18,0.01,0.7956,0.0186,2.93,0.843
Triphenylene_aug3,c1ccc2cc3ccccc3cc2c1,PAH,148.44286384601364,4.202838104071092,0,0,0,3,3,0.0,14,0.005753037009482197,61.45400000000003,0,0,1.0,18,0.03622797151981917,0.1901,-0.0045,2.8221,0.8147
Triphenylene_aug4,c1ccc2cc3ccccc3cc2c1,PAH,175.31432251085602,4.3245978999773405,0,0,0,3,3,0.0,14,0.02197936720310664,61.45400000000003,0,0,1.0,18,0.019294927946508274,0.7458,-0.0218,2.8826,0.8333
Triphenylene_aug5,c1ccc2cc3ccccc3cc2c1,PAH,213.3965233663545,3.952219459943533,0,0,0,3,3,0.0,14,0.04357315500000806,61.45400000000003,0,0,0.9681713471758976,18,0.01,0.4871,0.0402,2.9084,0.7945
Triphenylene_aug6,c1ccc2cc3ccccc3cc2c1,PAH,196.06232400308713,4.263199212667108,0,0,0,3,3,0.0,14,0.05512238872090387,61.45400000000003,0,0,1.0,18,0.01,0.5372,0.0202,2.8954,0.8256
Triphenylene_aug7,c1ccc2cc3ccccc3cc2c1,PAH,180.84926117632872,4.007837874255144,0,0,0,3,3,0.0,14,0.0,61.45400000000003,0,0,0.9780725603872759,18,0.01,0.638,0.0054,2.8948,0.7882
Fluorene_aug0,c1ccc2c(c1)Cc1ccccc1-2,PAH,142.53442226565383,3.331175123803196,0,0,0,2,3,0.0,13,0.09565620413925066,54.684000000000026,0,0,0.9401675006990404,16,0.03031896755474917,0.137,-0.0082,2.011,0.7464
Fluorene_aug1,c1ccc2c(c1)Cc1ccccc1-2,PAH,146.56884043778342,3.460244202343974,0,0,0,2,3,0.0,13,0.05395684296982652,54.684000000000026,0,0,0.9287972382433545,16,0.021412831574074635,0.4196,0.0451,2.1038,0.6563
Fluorene_aug2,c1ccc2c(c1)Cc1ccccc1-2,PAH,162.0610124025096,3.2859642288923983,0,0,0,2,3,0.0,13,0.02620732301708025,54.684000000000026,0,0,0.9376190229448236,16,0.018614399803827588,0.2563,-0.0877,1.9481,0.6942
Fluorene_aug3,c1ccc2c(c1)Cc1ccccc1-2,PAH,158.91333547814847,3.47700378148347,0,0,0,2,3,0.0,13,0.11589783708982304,54.684000000000026,0,0,0.9126191490656486,16,0.014988628062856503,0.145,-0.0256,1.9947,0.6628
Fluorene_aug4,c1ccc2c(c1)Cc1ccccc1-2,PAH,173.12633671938053,3.142506793408508,0,0,0,2,3,0.0,13,0.06279883254113329,54.684000000000026,0,0,0.9403745827025269,16,0.01292068839375332,0.9103,-0.0245,2.103,0.7264
Fluorene_aug5,c1ccc2c(c1)Cc1ccccc1-2,PAH,137.67456947513648,2.950780560159399,0,0,0,2,3,0.0,13,0.10273122690220252,54.684000000000026,0,0,0.9190478864210818,16,0.016572942946630496,0.1322,-0.0125,2.006,0.7376
Fluorene_aug6,c1ccc2c(c1)Cc1ccccc1-2,PAH,171.76739807141584,3.196698934334658,0,0,0,2,3,0.0,13,0.07952693398691454,54.684000000000026,0,0,0.8934926752629623,16,0.038532747918832405,0.4541,-0.0579,2.0057,0.6502
Fluorene_aug7,c1ccc2c(c1)Cc1ccccc1-2,PAH,152.93412757486496,3.246826311670088,0,0,0,2,3,0.0,13,0.020163186909028318,54.684000000000026,0,0,0.9033498995709437,16,0.01,0.9022,-0.0784,2.0479,0.6849
Coronene_aug0,c1cc2ccc3ccc4ccc5ccc6ccc1c1c2c3c4c5c61,PAH,265.4873341474354,7.068549825012867,0,0,0,7,7,0.0,24,0.0,105.03600000000007,0,0,0.9956934445086119,42,0.026693763062732488,0.7636,0.0379,3.7448,0.918
Coronene_aug1,c1cc2ccc3ccc4ccc5ccc6ccc1c1c2c3c4c5c61,PAH,280.934500599323,6.5494834735672365,0,0,0,7,7,0.0,24,0.0,105.03600000000007,0,0,1.0,42,0.059849750264742464,0.2778,-0.027,3.6119,0.9381
Coronene_aug2,c1cc2ccc3ccc4ccc5ccc6ccc1c1c2c3c4c5c61,PAH,296.49113377327774,6.850252125155273,0,0,0,7,7,0.0,24,0.04740580955550963,105.03600000000007,0,0,1.0,42,0.013565570848112317,0.6887,-0.0733,3.6231,0.9607
Coronene_aug3,c1cc2ccc3ccc4ccc5ccc6ccc1c1c2c3c4c5c61,PAH,305.2683551333403,6.980331031156,0,0,0,7,7,0.0,24,0.0,105.03600000000007,0,0,0.9279660111064802,42,0.024424119568350222,0.498,-0.0964,3.5733,0.9106
Coronene_aug4,c1cc2ccc3ccc4ccc5ccc6ccc1c1c2c3c4c5c61,PAH,295.58137566239793,6.875474340199996,0,0,0,7,7,0.0,24,0.05240656001474016,105.03600000000007,0,0,1.0,42,0.030143908445090718,0.527,-0.0664,3.6074,0.9179
Coronene_aug5,c1cc2ccc3ccc4ccc5ccc6ccc1c1c2c3c4c5c61,PAH,301.923054284538,6.739146452055644,0,0,0,7,7,0.0,24,0.0,105.03600000000007,0,0,0.9979243262661844,42,0.01,0.452,-0.0265,3.6368,0.9033
Coronene_aug6,c1cc2ccc3ccc4ccc5ccc6ccc1c1c2c3c4c5c61,PAH,307.3841366646659,7.159629935077879,0,0,0,7,7,0.0,24,0.0,105.03600000000007,0,0,1.0,42,0.01,0.3201,0.0322,3.677,0.8953
Coronene_aug7,c1cc2ccc3ccc4ccc5ccc6ccc1c1c2c3c4c5c61,PAH,278.8927592550757,6.536831213877883,0,0,0,7,7,0.0,24,0.0,105.03600000000007,0,0,0.9586512464365826,42,0.01,0.0201,-0.0845,3.5184,0.916
Perylene_aug0,C1=C2C=CC=CC2=C2C=CC=CC2=C2C=CC=CC12,rylene,215.59281496492753,3.0841292353300935,0,0,0,2,4,0.0,19,0.048329364797801554,79.44900000000001,0,0,0.631889011268286,20,0.07286278000697755,0.9189,0.0229,3.1515,0.8093
Perylene_aug1,C1=C2C=CC=CC2=C2C=CC=CC2=C2C=CC=CC12,rylene,227.10451610604628,2.653224780930694,0,0,0,2,4,0.0,19,0.0684482506643873,79.44900000000001,0,0,0.6578829749212932,20,0.0645820928607018,0.9124,-0.0089,3.1189,0.8345
Perylene_aug2,C1=C2C=CC=CC2=C2C=CC=CC2=C2C=CC=CC12,rylene,236.57007720615553,2.2593660350086866,0,0,0,2,4,0.0,19,0.017087902282997183,79.44900000000001,0,0,0.6626439345642056,20,0.046055030814316625,0.0342,-0.0806,2.9242,0.8657
Perylene_aug3,C1=C2C=CC=CC2=C2C=CC=CC2=C2C=CC=CC12,rylene,258.63582993347427,2.502518733233048,0,0,0,2,4,0.0,19,0.08373301091918475,79.44900000000001,0,0,0.666767407941461,20,0.0571182643755406,0.8499,-0.0588,3.0602,0.8367
Perylene_aug4,C1=C2C=CC=CC2=C2C=CC=CC2=C2C=CC=CC12,rylene,263.8493349099948,3.086080238232935,0,0,0,2,4,0.0,19,0.03768221354950518,79.44900000000001,0,0,0.6463123098494248,20,0.07331513788347901,0.9775,-0.0453,3.0915,0.8959
Perylene_aug5,C1=C2C=CC=CC2=C2C=CC=CC2=C2C=CC=CC12,rylene,237.77103061953989,2.6473442151118616,0,0,0,2,4,0.0,19,0.0,79.44900000000001,0,0,0.6117237440464446,20,0.031580719636556134,0.7786,0.0258,3.1348,0.8661
Perylene_aug6,C1=C2C=CC=CC2=C2C=CC=CC2=C2C=CC=CC12,rylene,242.1233944911594,2.487472845773642,0,0,0,2,4,0.0,19,0.07906583432336173,79.44900000000001,0,0,0.6424419089088,20,0.07226201228600054,0.2739,-0.0628,2.9756,0.8023
Perylene_aug7,C1=C2C=CC=CC2=C2C=CC=CC2=C2C=CC=CC12,rylene,232.3852186955923,2.6878185220034383,0,0,0,2,4,0.0,19,0.05583978591550537,79.44900000000001,0,0,0.6058309028801959,20,0.03996540398538858,0.7359,-0.0723,3.0308,0.8377
P3HT_unit_aug0,CCCCCCc1ccc(s1),donor,215.75847356661188,3.949911311701688,0,1,5,1,1,0.0,11,0.5572520299958358,52.16500000000004,0,0,0.5027277558264849,6,0.05376974831880893,0.7394,-0.0132,2.1903,0.7315
P3HT_unit_aug1,CCCCCCc1ccc(s1),donor,155.94944313683092,3.5339889895579413,0,1,5,1,1,0.0,11,0.6319796220370959,52.16500000000004,0,0,0.46663445733783004,6,0.018519152053626847,0.5408,-0.0008,2.1749,0.7308
P3HT_unit_aug2,CCCCCCc1ccc(s1),donor,177.63046803255344,3.812953025274665,0,1,5,1,1,0.0,11,0.5834076137046393,52.16500000000004,0,0,0.4688960405609631,6,0.018108148072446314,0.2642,0.0307,2.1677,0.7325
P3HT_unit_aug3,CCCCCCc1ccc(s1),donor,156.76540325061734,3.899962416559425,0,1,5,1,1,0.0,11,0.543295367848415,52.16500000000004,0,0,0.4546278739303618,6,0.037047627815113074,0.0499,-0.064,2.043,0.7057
P3HT_unit_aug4,CCCCCCc1ccc(s1),donor,172.99956817049565,3.8950059525986758,0,1,5,1,1,0.0,11,0.5896879085489272,52.16500000000004,0,0,0.4210194247337516,6,0.05884007735552729,0.7479,-0.045,2.1597,0.7713
P3HT_unit_aug5,CCCCCCc1ccc(s1),donor,181.67519598210114,4.021781806981895,0,1,5,1,1,0.0,11,0.6418857549695633,52.16500000000004,0,0,0.4458507419524174,6,0.06710108328409413,0.7009,-0.0349,2.1632,0.7286
P3HT_unit_aug6,CCCCCCc1ccc(s1),donor,168.00029388878065,3.7746050561228297,0,1,5,1,1,0.0,11,0.5994278294328469,52.16500000000004,0,0,0.48660671913629283,6,0.04213591194042602,0.5677,0.02,2.1994,0.7035
P3HT_unit_aug7,CCCCCCc1ccc(s1),donor,161.7988704920465,3.823361082531739,0,1,5,1,1,0.0,11,0.6092533729325501,52.16500000000004,0,0,0.4570231539110596,6,0.022066291725494652,0.2287,-0.0357,2.0963,0.7187
DPP_core_aug0,O=C1c2ccccc2C(=O)N1c1ccccc1,donor,225.17166721804747,2.4157988806257813,0,2,1,2,3,37.38,17,0.0,64.02400000000003,0,3,0.7123716927139504,16,0.014146368040437271,0.8906,0.0219,2.5466,0.7923
DPP_core_aug1,O=C1c2ccccc2C(=O)N1c1ccccc1,donor,233.9124424487565,2.5602069273384656,0,2,1,2,3,37.38,17,0.0,64.02400000000003,0,3,0.7152821346443075,16,0.023802292864842194,0.0768,-0.0061,2.4047,0.8047
DPP_core_aug2,O=C1c2ccccc2C(=O)N1c1ccccc1,donor,232.34095290416113,2.250752576747398,0,2,1,2,3,37.38,17,0.0,64.02400000000003,0,3,0.7385424600915418,16,0.04829567212316687,0.0475,-0.0235,2.3831,0.7689
DPP_core_aug3,O=C1c2ccccc2C(=O)N1c1ccccc1,donor,214.6044735433354,2.3070076697511057,0,2,1,2,3,37.38,17,0.03520649618503988,64.02400000000003,0,3,0.7091582011409072,16,0.035197504965998314,0.8794,-0.0942,2.4289,0.8001
DPP_core_aug4,O=C1c2ccccc2C(=O)N1c1ccccc1,donor,230.05043862263167,2.1643949702492997,0,2,1,2,3,37.38,17,0.0,64.02400000000003,0,3,0.6651671772349386,16,0.05521662812020811,0.0729,-0.0315,2.3787,0.7959
DPP_core_aug5,O=C1c2ccccc2C(=O)N1c1ccccc1,donor,230.08560001102006,2.5060269180037102,0,2,1,2,3,37.38,17,0.030084562533159956,64.02400000000003,0,3,0.7287589124099433,16,0.037570823647070165,0.3407,-0.0933,2.3544,0.7453
DPP_core_aug6,O=C1c2ccccc2C(=O)N1c1ccccc1,donor,200.37068886279303,2.215029039105861,0,2,1,2,3,37.38,17,0.0,64.02400000000003,0,3,0.66799413308145,16,0.01,0.0938,-0.0024,2.4107,0.7508
DPP_core_aug7,O=C1c2ccccc2C(=O)N1c1ccccc1,donor,232.22054466106906,2.7233423108622383,0,2,1,2,3,37.38,17,0.021950687567890866,64.02400000000003,0,3,0.7582613999645911,16,0.06850927972833337,0.3008,-0.0351,2.407,0.7306
Carbazole_aug0,c1ccc2[nH]c3ccccc3c2c1,donor,161.2929258662346,3.2736694170445553,1,0,0,3,3,15.79,13,0.0,55.80470000000002,1,1,1.0,18,0.05208912789152343,0.523,-0.0468,2.2264,0.6966
Carbazole_aug1,c1ccc2[nH]c3ccccc3c2c1,donor,165.62742562462353,3.6952962521719965,1,0,0,3,3,15.79,13,0.004502987746378464,55.80470000000002,1,1,0.9555811106062958,18,0.011653071655608077,0.0631,-0.0163,2.1926,0.7432
Carbazole_aug2,c1ccc2[nH]c3ccccc3c2c1,donor,188.4735603049234,3.037593318077405,1,0,0,3,3,15.79,13,0.003996264451312114,55.80470000000002,1,1,1.0,18,0.010852295528950874,0.9221,-0.0645,2.2645,0.7699
Carbazole_aug3,c1ccc2[nH]c3ccccc3c2c1,donor,138.74241970900593,3.9179437779588935,1,0,0,3,3,15.79,13,0.0298604469019762,55.80470000000002,1,1,0.9845517157827679,18,0.01,0.2417,-0.0553,2.1785,0.7082
Carbazole_aug4,c1ccc2[nH]c3ccccc3c2c1,donor,162.8019852652654,3.464308306060315,1,0,0,3,3,15.79,13,0.022576734148656213,55.80470000000002,1,1,1.0,18,0.01,0.2694,-0.0947,2.1431,0.7365
Carbazole_aug5,c1ccc2[nH]c3ccccc3c2c1,donor,179.7291701309347,3.234354439861359,1,0,0,3,3,15.79,13,0.0,55.80470000000002,1,1,0.9965807885745789,18,0.018329579204009745,0.8465,-0.0477,2.2708,0.7964
Carbazole_aug6,c1ccc2[nH]c3ccccc3c2c1,donor,152.33328280028988,3.5446142330936627,1,0,0,3,3,15.79,13,0.0,55.80470000000002,1,1,1.0,18,0.04563168936395082,0.5075,-0.0483,2.2227,0.7194
Carbazole_aug7,c1ccc2[nH]c3ccccc3c2c1,donor,179.80654322781476,3.5776333320382774,1,0,0,3,3,15.79,13,0.0,55.80470000000002,1,1,1.0,18,0.019005930442549182,0.9812,-0.0142,2.3231,0.751
BTR_unit_aug0,c1cc2c(s1)-c1sccc1-2,donor,154.5428632188501,3.4144028004769686,0,2,0,2,3,0.0,10,0.04737666418188741,46.626000000000005,0,0,0.9761643176535668,16,0.03441457960308538,0.1185,0.0319,2.3485,0.7692
BTR_unit_aug1,c1cc2c(s1)-c1sccc1-2,donor,133.9762773829434,3.369386162911775,0,2,0,2,3,0.0,10,0.02103891330775988,46.626000000000005,0,0,0.9569976729146105,16,0.05381920247986878,0.2123,-0.0867,2.243,0.7214
BTR_unit_aug2,c1cc2c(s1)-c1sccc1-2,donor,191.47520330767833,3.129878515826015,0,2,0,2,3,0.0,10,0.0,46.626000000000005,0,0,1.0,16,0.05158273164197048,0.4677,-0.0747,2.2907,0.7638
BTR_unit_aug3,c1cc2c(s1)-c1sccc1-2,donor,157.83982469577032,3.2652282375977686,0,2,0,2,3,0.0,10,0.015746165920142042,46.626000000000005,0,0,0.9499520891173783,16,0.01,0.1343,0.0407,2.3595,0.7755
BTR_unit_aug4,c1cc2c(s1)-c1sccc1-2,donor,166.81038640949794,3.7205525959246093,0,2,0,2,3,0.0,10,0.009377429375321447,46.626000000000005,0,0,1.0,16,0.016092351060800647,0.3768,0.021,2.3738,0.7976
BTR_unit_aug5,c1cc2c(s1)-c1sccc1-2,donor,163.8919125227963,3.216698605515539,0,2,0,2,3,0.0,10,0.0,46.626000000000005,0,0,1.0,16,0.010985154617642184,0.7053,0.0275,2.4263,0.7968
BTR_unit_aug6,c1cc2c(s1)-c1sccc1-2,donor,159.0977787260088,3.6239025277289243,0,2,0,2,3,0.0,10,0.0,46.626000000000005,0,0,1.0,16,0.02522931655891498,0.5293,-0.0968,2.2773,0.7628
BTR_unit_aug7,c1cc2c(s1)-c1sccc1-2,donor,168.58676463723197,3.5681229812034374,0,2,0,2,3,0.0,10,0.015850499202566752,46.626000000000005,0,0,0.9648831096346631,16,0.03630502805666088,0.2035,-0.0914,2.2371,0.7379
PDI_core_aug0,O=C1c2cccc3cccc4cccc(c2c3c14)C(=O)N1CCCCC1,PDI,361.5351492738945,3.8118300735516386,0,2,1,0,5,37.38,26,0.11411104715001201,101.15900000000002,0,3,0.029620556596695727,20,0.08327418031812077,0.9784,-0.0572,3.8798,0.9629
PDI_core_aug1,O=C1c2cccc3cccc4cccc(c2c3c14)C(=O)N1CCCCC1,PDI,319.35365215237965,3.334794200333426,0,2,1,0,5,37.38,26,0.20815126126516814,101.15900000000002,0,3,0.047671170101938755,20,0.08514292590066867,0.3584,-0.0446,3.8056,0.951
PDI_core_aug2,O=C1c2cccc3cccc4cccc(c2c3c14)C(=O)N1CCCCC1,PDI,367.38883311487075,3.4900983292310235,0,2,1,0,5,37.38,26,0.19185075893543155,101.15900000000002,0,3,0.016164660759006588,20,0.0653106627104523,0.4017,0.0211,3.8773,0.9135
PDI_core_aug3,O=C1c2cccc3cccc4cccc(c2c3c14)C(=O)N1CCCCC1,PDI,341.76768252962785,4.055148857404834,0,2,1,0,5,37.38,26,0.20851925582356917,101.15900000000002,0,3,0.0,20,0.05763126999037922,0.1646,-0.0663,3.7567,0.9129
PDI_core_aug4,O=C1c2cccc3cccc4cccc(c2c3c14)C(=O)N1CCCCC1,PDI,333.0279095381739,3.921518190324922,0,2,1,0,5,37.38,26,0.27664644409915223,101.15900000000002,0,3,0.05836861956658984,20,0.04534489838299095,0.0927,0.0025,3.8155,0.9255
PDI_core_aug5,O=C1c2cccc3cccc4cccc(c2c3c14)C(=O)N1CCCCC1,PDI,338.57367441346537,3.3104320283123494,0,2,1,0,5,37.38,26,0.22368244244772728,101.15900000000002,0,3,0.0,20,0.07410213115490757,0.3023,-0.0902,3.7521,0.9453
PDI_core_aug6,O=C1c2cccc3cccc4cccc(c2c3c14)C(=O)N1CCCCC1,PDI,335.35822961868064,3.6525278877402387,0,2,1,0,5,37.38,26,0.26267324480500376,101.15900000000002,0,3,0.0,20,0.04765682512026878,0.3193,0.0289,3.8736,0.9132
PDI_core_aug7,O=C1c2cccc3cccc4cccc(c2c3c14)C(=O)N1CCCCC1,PDI,332.66781840487033,3.529805215043531,0,2,1,0,5,37.38,26,0.30619974338427225,101.15900000000002,0,3,0.022755153555626875,20,0.050596796175434694,0.3327,-0.0363,3.8103,0.8845
IT4F_core_aug0,O=C1C(=Cc2sc3c(c2)c2c(cc3)CCCC2)c2ccc(F)c(F)c2C1=O,NFA,377.4959842191731,5.4898160885834,0,3,1,3,5,34.14,27,0.17605816283188863,102.03350000000006,0,2,0.5048504310443243,26,0.07778879995701225,0.1621,-0.0859,4.0368,0.9162
IT4F_core_aug1,O=C1C(=Cc2sc3c(c2)c2c(cc3)CCCC2)c2ccc(F)c(F)c2C1=O,NFA,409.8176799971187,5.20206252795924,0,3,1,3,5,34.14,27,0.17634303559508244,102.03350000000006,0,2,0.5672668688053931,26,0.07759699584309188,0.4902,0.0314,4.2,0.9451
IT4F_core_aug2,O=C1C(=Cc2sc3c(c2)c2c(cc3)CCCC2)c2ccc(F)c(F)c2C1=O,NFA,396.75452908742363,5.327644737754368,0,3,1,3,5,34.14,27,0.14448765432472307,102.03350000000006,0,2,0.5875007604643113,26,0.11828111111103758,0.5962,0.0217,4.2051,0.89
IT4F_core_aug3,O=C1C(=Cc2sc3c(c2)c2c(cc3)CCCC2)c2ccc(F)c(F)c2C1=O,NFA,398.73171888638933,4.688831407489831,0,3,1,3,5,34.14,27,0.20641185691655697,102.03350000000006,0,2,0.5456131971298551,26,0.08439407430213974,0.2603,-0.0618,4.0747,0.9292
IT4F_core_aug4,O=C1C(=Cc2sc3c(c2)c2c(cc3)CCCC2)c2ccc(F)c(F)c2C1=O,NFA,371.1576806224125,5.838389818517047,0,3,1,3,5,34.14,27,0.20375638898748896,102.03350000000006,0,2,0.5716012450658849,26,0.06603146023942456,0.9602,0.0412,4.2756,0.9401
IT4F_core_aug5,O=C1C(=Cc2sc3c(c2)c2c(cc3)CCCC2)c2ccc(F)c(F)c2C1=O,NFA,381.0004109015751,5.050725576067099,0,3,1,3,5,34.14,27,0.1411634485485952,102.03350000000006,0,2,0.5484948849533254,26,0.08499818060750332,0.9263,0.0344,4.2641,0.9338
IT4F_core_aug6,O=C1C(=Cc2sc3c(c2)c2c(cc3)CCCC2)c2ccc(F)c(F)c2C1=O,NFA,369.34908005044326,4.959249884815861,0,3,1,3,5,34.14,27,0.11868195351790964,102.03350000000006,0,2,0.5454919146562388,26,0.08953387659075764,0.4242,-0.0624,4.097,0.9249
IT4F_core_aug7,O=C1C(=Cc2sc3c(c2)c2c(cc3)CCCC2)c2ccc(F)c(F)c2C1=O,NFA,357.23653592682666,5.4286001511286,0,3,1,3,5,34.14,27,0.1688523594248288,102.03350000000006,0,2,0.5619074122834452,26,0.07179928388518861,0.1624,-0.0179,4.1048,0.982
Triazine_acc_aug0,c1ncnc(c1)-c1ccncc1,BN_mat,179.61610563314144,1.3414934174957676,0,3,1,2,2,38.67,12,0.010436155757652466,45.26300000000002,0,3,0.9968265402344207,12,0.01,0.115,0.0118,1.8279,0.6312
Triazine_acc_aug1,c1ncnc(c1)-c1ccncc1,BN_mat,203.84529637189178,1.5067127785301553,0,3,1,2,2,38.67,12,0.0,45.26300000000002,0,3,0.9682357272157707,12,0.039946048278950305,0.8764,-0.0974,1.8253,0.6468
Triazine_acc_aug2,c1ncnc(c1)-c1ccncc1,BN_mat,149.26003173258485,1.9482217379177085,0,3,1,2,2,38.67,12,0.001598037145991014,45.26300000000002,0,3,1.0,12,0.01642182632001326,0.9039,0.0089,1.9355,0.6517
Triazine_acc_aug3,c1ncnc(c1)-c1ccncc1,BN_mat,141.88437999968068,1.1808723912642844,0,3,1,2,2,38.67,12,0.045510218005003,45.26300000000002,0,3,1.0,12,0.05238680869963994,0.662,-0.0182,1.8745,0.6283
Triazine_acc_aug4,c1ncnc(c1)-c1ccncc1,BN_mat,169.8909593982109,1.5559740370141668,0,3,1,2,2,38.67,12,0.03800514501021643,45.26300000000002,0,3,0.9958068061812604,12,0.05476044296831399,0.1626,0.0138,1.8366,0.6926
Triazine_acc_aug5,c1ncnc(c1)-c1ccncc1,BN_mat,184.20591866521656,1.4536555195647252,0,3,1,2,2,38.67,12,0.0,45.26300000000002,0,3,1.0,12,0.01,0.5,-0.0226,1.8474,0.6323
Triazine_acc_aug6,c1ncnc(c1)-c1ccncc1,BN_mat,179.92705016771447,1.293836255093948,0,3,1,2,2,38.67,12,0.0,45.26300000000002,0,3,0.9943831901727754,12,0.04421214180131608,0.547,-0.0382,1.8384,0.6763
Triazine_acc_aug7,c1ncnc(c1)-c1ccncc1,BN_mat,147.55201869707724,1.642678280607853,0,3,1,2,2,38.67,12,0.07929666110173271,45.26300000000002,0,3,0.9962934432500339,12,0.01,0.9645,0.0137,1.9487,0.6736
Benzimidazole_aug0,c1ccc2[nH]cnc2c1,rad_hard,127.36626872813048,1.8785673391059068,1,1,0,2,2,28.68,9,0.0,36.0937,1,2,0.9365436424026002,12,0.03813870403966136,0.74,-0.0228,1.7808,0.6618
Benzimidazole_aug1,c1ccc2[nH]cnc2c1,rad_hard,88.66335099111953,1.4476759888193582,1,1,0,2,2,28.68,9,0.0,36.0937,1,2,1.0,12,0.03997983157551609,0.6209,0.0334,1.8203,0.6117
Benzimidazole_aug2,c1ccc2[nH]cnc2c1,rad_hard,127.104275668548,1.338602973030886,1,1,0,2,2,28.68,9,0.0,36.0937,1,2,0.977004620024634,12,0.07086006151276487,0.7293,0.0218,1.8239,0.5998
Benzimidazole_aug3,c1ccc2[nH]cnc2c1,rad_hard,106.97485959519554,1.983705407434945,1,1,0,2,2,28.68,9,0.0,36.0937,1,2,1.0,12,0.044057067630755065,0.9554,-0.0303,1.8034,0.6435
Benzimidazole_aug4,c1ccc2[nH]cnc2c1,rad_hard,117.46086612926516,1.689816964251161,1,1,0,2,2,28.68,9,0.0,36.0937,1,2,0.967209781940335,12,0.030075227961767897,0.4376,0.0263,1.7876,0.6263
Benzimidazole_aug5,c1ccc2[nH]cnc2c1,rad_hard,104.11399287179161,1.560656159576595,1,1,0,2,2,28.68,9,0.0,36.0937,1,2,0.9871612131591534,12,0.04795178910883652,0.6782,0.0454,1.8404,0.6479
Benzimidazole_aug6,c1ccc2[nH]cnc2c1,rad_hard,141.76273682990853,1.6307598884412104,1,1,0,2,2,28.68,9,0.0,36.0937,1,2,0.9941707133532661,12,0.03738759552392448,0.0274,-0.0154,1.6884,0.6057
Benzimidazole_aug7,c1ccc2[nH]cnc2c1,rad_hard,112.83127601492555,1.7064205424542738,1,1,0,2,2,28.68,9,0.035596669119758916,36.0937,1,2,1.0,12,0.01680414621662703,0.5686,0.0179,1.7975,0.6473
Polyimide_unit_aug0,O=C1OC(=O)c2ccccc21,rad_hard,157.078366005188,1.4423650136502635,0,3,0,1,2,43.370000000000005,11,0.0,36.18800000000001,0,3,0.5418050593548328,10,0.020381793188102255,0.5608,-0.0505,1.928,0.6888
Polyimide_unit_aug1,O=C1OC(=O)c2ccccc21,rad_hard,125.98905313029064,0.6867121407719379,0,3,0,1,2,43.370000000000005,11,0.10571257060637892,36.18800000000001,0,3,0.5155306725330145,10,0.01,0.106,-0.0329,1.8819,0.6145
Polyimide_unit_aug2,O=C1OC(=O)c2ccccc21,rad_hard,168.38745838500594,0.6390560890710579,0,3,0,1,2,43.370000000000005,11,0.002875771685693248,36.18800000000001,0,3,0.5495590413029809,10,0.01,0.9346,0.0148,2.0457,0.6335
Polyimide_unit_aug3,O=C1OC(=O)c2ccccc21,rad_hard,157.05395207126926,1.094711166130261,0,3,0,1,2,43.370000000000005,11,0.0,36.18800000000001,0,3,0.4694125395961501,10,0.04200407725445795,0.9295,-0.0083,2.0218,0.6955
Polyimide_unit_aug4,O=C1OC(=O)c2ccccc21,rad_hard,162.14718869372265,0.4676847255395259,0,3,0,1,2,43.370000000000005,11,0.0,36.18800000000001,0,3,0.5622092152689981,10,0.020848663947682887,0.7226,0.0172,2.0184,0.6455
Polyimide_unit_aug5,O=C1OC(=O)c2ccccc21,rad_hard,119.11440909437256,1.14975696322775,0,3,0,1,2,43.370000000000005,11,0.0,36.18800000000001,0,3,0.533867347532253,10,0.012632802677437978,0.9131,-0.0516,1.9763,0.6517
Polyimide_unit_aug6,O=C1OC(=O)c2ccccc21,rad_hard,118.2323065924852,0.7067266014510434,0,3,0,1,2,43.370000000000005,11,0.029025766790104976,36.18800000000001,0,3,0.5810425053885552,10,0.046475755222428326,0.4605,-0.0894,1.8751,0.6618
Polyimide_unit_aug7,O=C1OC(=O)c2ccccc21,rad_hard,157.23121194426716,1.4568653415097743,0,3,0,1,2,43.370000000000005,11,0.0363163447851128,36.18800000000001,0,3,0.5791118398136232,10,0.02889522852957437,0.8619,-0.0366,1.9841,0.7071
PTFE_unit_aug0,C(F)(F)=C(F)F,rad_hard,83.3445918205419,1.9412410837299479,0,0,0,0,0,0.0,6,0.015638011773233963,11.458000000000002,0,0,0.016262297021840195,0,0.028745559752261025,0.1165,-0.0525,0.2638,0.1726
PTFE_unit_aug1,C(F)(F)=C(F)F,rad_hard,112.839477868203,2.353709176781171,0,0,0,0,0,0.0,6,0.0,11.458000000000002,0,0,0.044534740707288245,0,0.01,0.1549,-0.0171,0.3045,0.2047
PTFE_unit_aug2,C(F)(F)=C(F)F,rad_hard,132.32419203747696,2.4122638200712596,0,0,0,0,0,0.0,6,0.013850079484890846,11.458000000000002,0,0,0.0,0,0.023381017658511007,0.5956,-0.0356,0.3478,0.2312
PTFE_unit_aug3,C(F)(F)=C(F)F,rad_hard,105.9834887779807,2.1306963883036683,0,0,0,0,0,0.0,6,0.020438383327086834,11.458000000000002,0,0,0.0,0,0.01,0.462,-0.0157,0.3489,0.1686
PTFE_unit_aug4,C(F)(F)=C(F)F,rad_hard,86.46248040801044,1.6635687780086388,0,0,0,0,0,0.0,6,0.030418898688639152,11.458000000000002,0,0,0.0,0,0.01,0.7518,0.0391,0.4443,0.2277
PTFE_unit_aug5,C(F)(F)=C(F)F,rad_hard,108.1836552029499,1.7641779764495131,0,0,0,0,0,0.0,6,0.0,11.458000000000002,0,0,0.0,0,0.01,0.4285,0.0075,0.3675,0.2172
PTFE_unit_aug6,C(F)(F)=C(F)F,rad_hard,110.14466961144942,1.8646356926757541,0,0,0,0,0,0.0,6,0.05216901514721884,11.458000000000002,0,0,0.027120902617743643,0,0.02478159101274008,0.4955,-0.0123,0.3571,0.1503
PTFE_unit_aug7,C(F)(F)=C(F)F,rad_hard,81.1089085510412,1.8997301353542608,0,0,0,0,0,0.0,6,0.09232866319446544,11.458000000000002,0,0,0.0,0,0.015288921150344643,0.1063,-0.0485,0.2664,0.1861
Diamond_unit_aug0,C12CC3CC(CC(C3)C1)C2,rad_hard,121.3966570492458,2.7662164724226836,0,0,0,0,4,0.0,10,0.8946719583135498,41.66200000000001,0,0,0.027234667111305268,16,0.01,0.3029,-0.0993,1.1431,0.4855
Diamond_unit_aug1,C12CC3CC(CC(C3)C1)C2,rad_hard,139.23659763417692,2.7498199341124696,0,0,0,0,4,0.0,10,1.0,41.66200000000001,0,0,0.0,16,0.020676294964560575,0.3084,-0.0212,1.2219,0.5402
Diamond_unit_aug2,C12CC3CC(CC(C3)C1)C2,rad_hard,140.61257677833837,2.7290635140417345,0,0,0,0,4,0.0,10,1.0,41.66200000000001,0,0,0.013460936244582678,16,0.01,0.2792,-0.0721,1.1669,0.4949
Diamond_unit_aug3,C12CC3CC(CC(C3)C1)C2,rad_hard,148.7154766658475,2.6917393421657683,0,0,0,0,4,0.0,10,1.0,41.66200000000001,0,0,0.0,16,0.01,0.0626,-0.0361,1.1727,0.529
Diamond_unit_aug4,C12CC3CC(CC(C3)C1)C2,rad_hard,138.24406701850378,2.80400127720603,0,0,0,0,4,0.0,10,1.0,41.66200000000001,0,0,0.0,16,0.01,0.2461,-0.0802,1.1543,0.4639
Diamond_unit_aug5,C12CC3CC(CC(C3)C1)C2,rad_hard,139.5760218954886,2.6467248555217684,0,0,0,0,4,0.0,10,1.0,41.66200000000001,0,0,0.009506593109607322,16,0.01,0.7876,-0.046,1.2643,0.5218
Diamond_unit_aug6,C12CC3CC(CC(C3)C1)C2,rad_hard,158.83877702355065,3.2296709975137414,0,0,0,0,4,0.0,10,1.0,41.66200000000001,0,0,0.0,16,0.02298174246860582,0.3955,-0.0957,1.1597,0.4703
Diamond_unit_aug7,C12CC3CC(CC(C3)C1)C2,rad_hard,142.35694646967414,2.8213014215930805,0,0,0,0,4,0.0,10,1.0,41.66200000000001,0,0,0.0,16,0.01,0.7037,0.0211,1.3196,0.5107
MAI_cation_aug0,C[NH3+],perovskite,50.0,-1.5357623047123026,1,0,0,0,0,27.64,2,0.9723489122612851,8.8121,3,1,0.028688545712430225,0,0.01,0.1615,0.013,0.5356,0.3135
MAI_cation_aug1,C[NH3+],perovskite,50.0,-1.0800081265974601,1,0,0,0,0,27.64,2,0.9533358427660638,8.8121,3,1,0.0,0,0.01,0.7679,0.0092,0.6167,0.3635
MAI_cation_aug2,C[NH3+],perovskite,50.0,-1.6735004256492996,1,0,0,0,0,27.64,2,0.9611980150909663,8.8121,3,1,0.0,0,0.01,0.8487,0.0457,0.6646,0.3584
MAI_cation_aug3,C[NH3+],perovskite,50.0,-1.2082931879763927,1,0,0,0,0,27.64,2,1.0,8.8121,3,1,0.0,0,0.015970613554594434,0.9495,-0.0615,0.5715,0.3163
MAI_cation_aug4,C[NH3+],perovskite,61.07349007643942,-1.0447190912042443,1,0,0,0,0,27.64,2,1.0,8.8121,3,1,0.043203608684369454,0,0.04241985759657152,0.8792,-0.0446,0.5785,0.3244
MAI_cation_aug5,C[NH3+],perovskite,50.0,-0.8620365524927618,1,0,0,0,0,27.64,2,0.9916139530687077,8.8121,3,1,0.0,0,0.01,0.7103,0.0458,0.6452,0.3138
MAI_cation_aug6,C[NH3+],perovskite,50.0,-1.2990354351215414,1,0,0,0,0,27.64,2,0.9552443734000179,8.8121,3,1,0.0,0,0.033455025946092634,0.9691,-0.0645,0.5712,0.3292
MAI_cation_aug7,C[NH3+],perovskite,50.0,-0.736583474766529,1,0,0,0,0,27.64,2,1.0,8.8121,3,1,0.007719943522786716,0,0.03358424692124765,0.5569,-0.0703,0.5076,0.2869
FA_cation_aug0,NC(=N)N,perovskite,63.17548226767024,-1.1269803885352025,3,1,0,0,0,75.89,4,0.038293479796031184,16.1015,5,3,0.0,0,0.045098110816833334,0.1006,-0.0332,0.7809,0.4583
FA_cation_aug1,NC(=N)N,perovskite,75.20703074815872,-1.28528166912723,3,1,0,0,0,75.89,4,0.011545729820756797,16.1015,5,3,0.013160075903382744,0,0.021122540264342453,0.6724,-0.097,0.7971,0.4113
FA_cation_aug2,NC(=N)N,perovskite,50.17042945212649,-0.9675870244035845,3,1,0,0,0,75.89,4,0.0,16.1015,5,3,0.005220277426700375,0,0.01,0.2806,-0.0609,0.7784,0.433
FA_cation_aug3,NC(=N)N,perovskite,76.44679555267675,-1.3569407889297322,3,1,0,0,0,75.89,4,0.020169742549875542,16.1015,5,3,0.0070793830897055675,0,0.01,0.7976,-0.057,0.8547,0.3861
FA_cation_aug4,NC(=N)N,perovskite,72.90013598216768,-0.8642867261663186,3,1,0,0,0,75.89,4,0.04814442989654321,16.1015,5,3,0.0,0,0.01,0.37,0.0234,0.8752,0.3929
FA_cation_aug5,NC(=N)N,perovskite,56.398432399249536,-0.6857014930819262,3,1,0,0,0,75.89,4,0.037000029975649794,16.1015,5,3,0.0,0,0.014407775114583767,0.1612,-0.0147,0.8079,0.4295
FA_cation_aug6,NC(=N)N,perovskite,53.21400243425719,-1.531259323975836,3,1,0,0,0,75.89,4,0.0,16.1015,5,3,0.0011352564476721256,0,0.020887748453399694,0.1239,-0.0487,0.7686,0.4167
FA_cation_aug7,NC(=N)N,perovskite,51.54422496463867,-1.8027337555931808,3,1,0,0,0,75.89,4,0.018581975492601068,16.1015,5,3,0.04781577942902982,0,0.01955029254390935,0.3066,-0.0385,0.8044,0.3718
Rhodamine_B_aug0,CCN(CC)c1ccc2c(c1)OC1=CC(=[N+](CC)CC)C=CC1=C2c1ccccc1C(=O)O,dye,441.58713999004044,5.161123510396215,1,3,7,2,4,56.69,33,0.30981112695966756,135.14329999999998,1,5,0.6170093095670067,20,0.10706649910679454,0.2207,-0.0338,2.8971,0.829
Rhodamine_B_aug1,CCN(CC)c1ccc2c(c1)OC1=CC(=[N+](CC)CC)C=CC1=C2c1ccccc1C(=O)O,dye,442.0127826990949,5.599680649391834,1,3,7,2,4,56.69,33,0.38566325312613525,135.14329999999998,1,5,0.6464089623207293,20,0.12260123588573775,0.6141,-0.0125,2.9735,0.8851
Rhodamine_B_aug2,CCN(CC)c1ccc2c(c1)OC1=CC(=[N+](CC)CC)C=CC1=C2c1ccccc1C(=O)O,dye,438.83047797605303,5.638942381914054,1,3,7,2,4,56.69,33,0.29694793401959824,135.14329999999998,1,5,0.6170369111934201,20,0.11107067591118158,0.549,0.0242,3.001,0.8075
Rhodamine_B_aug3,CCN(CC)c1ccc2c(c1)OC1=CC(=[N+](CC)CC)C=CC1=C2c1ccccc1C(=O)O,dye,439.68044194327763,5.492217642734895,1,3,7,2,4,56.69,33,0.2841415451973093,135.14329999999998,1,5,0.6204153177333405,20,0.11255772810015967,0.0954,-0.0077,2.9057,0.7932
Rhodamine_B_aug4,CCN(CC)c1ccc2c(c1)OC1=CC(=[N+](CC)CC)C=CC1=C2c1ccccc1C(=O)O,dye,455.57528808227147,5.744943232220313,1,3,7,2,4,56.69,33,0.2319824807168973,135.14329999999998,1,5,0.5929254939797903,20,0.0957351262054921,0.2283,-0.0256,2.9063,0.888
Rhodamine_B_aug5,CCN(CC)c1ccc2c(c1)OC1=CC(=[N+](CC)CC)C=CC1=C2c1ccccc1C(=O)O,dye,418.4173432777,5.688882297558419,1,3,7,2,4,56.69,33,0.24553210028501551,135.14329999999998,1,5,0.6043173623162194,20,0.11278971595154069,0.9445,-0.0314,3.0009,0.8154
Rhodamine_B_aug6,CCN(CC)c1ccc2c(c1)OC1=CC(=[N+](CC)CC)C=CC1=C2c1ccccc1C(=O)O,dye,468.21742065288447,5.5744569371977395,1,3,7,2,4,56.69,33,0.2851417815819556,135.14329999999998,1,5,0.6348694856524311,20,0.09290329392735877,0.2062,-0.0147,2.9142,0.8082
Rhodamine_B_aug7,CCN(CC)c1ccc2c(c1)OC1=CC(=[N+](CC)CC)C=CC1=C2c1ccccc1C(=O)O,dye,435.035524875792,5.297502284319168,1,3,7,2,4,56.69,33,0.3610393825143334,135.14329999999998,1,5,0.605383486018929,20,0.09305894261272459,0.3298,0.0454,2.9916,0.8417
C60_unit_aug0,C12=C3C4=C5C1=C1C6=C7C2=C2C8=C3C3=C9C4=C4C%10=C5C5=C1C1=C6C6=C%11C7=C2C2=C7C8=C3C3=C8C9=C4C4=C9C%10=C5C5=C1C1=C6C%11=C2C7=C3C8=C4C9=C51,fullerene,638.8634199031889,14.777381258556252,0,0,0,26,26,0.0,50,0.0277836916124488,217.30000000000015,0,0,1.0,156,0.01,0.7123,0.0101,3.6098,0.8804
C60_unit_aug1,C12=C3C4=C5C1=C1C6=C7C2=C2C8=C3C3=C9C4=C4C%10=C5C5=C1C1=C6C6=C%11C7=C2C2=C7C8=C3C3=C8C9=C4C4=C9C%10=C5C5=C1C1=C6C%11=C2C7=C3C8=C4C9=C51,fullerene,626.5912453624142,14.54002368100671,0,0,0,26,26,0.0,50,0.0,217.30000000000015,0,0,0.9670654927533315,156,0.011421611395325822,0.8244,0.0086,3.624,0.8839
C60_unit_aug2,C12=C3C4=C5C1=C1C6=C7C2=C2C8=C3C3=C9C4=C4C%10=C5C5=C1C1=C6C6=C%11C7=C2C2=C7C8=C3C3=C8C9=C4C4=C9C%10=C5C5=C1C1=C6C%11=C2C7=C3C8=C4C9=C51,fullerene,592.0203997162328,14.867128172194896,0,0,0,26,26,0.0,50,0.019875408479347746,217.30000000000015,0,0,0.9727416590033229,156,0.01432456994674466,0.5451,-0.0933,3.483,0.9035
C60_unit_aug3,C12=C3C4=C5C1=C1C6=C7C2=C2C8=C3C3=C9C4=C4C%10=C5C5=C1C1=C6C6=C%11C7=C2C2=C7C8=C3C3=C8C9=C4C4=C9C%10=C5C5=C1C1=C6C%11=C2C7=C3C8=C4C9=C51,fullerene,592.047097273739,15.47061382088483,0,0,0,26,26,0.0,50,0.0376483273276157,217.30000000000015,0,0,1.0,156,0.055717365379332584,0.2117,-0.0662,3.4635,0.8664
C60_unit_aug4,C12=C3C4=C5C1=C1C6=C7C2=C2C8=C3C3=C9C4=C4C%10=C5C5=C1C1=C6C6=C%11C7=C2C2=C7C8=C3C3=C8C9=C4C4=C9C%10=C5C5=C1C1=C6C%11=C2C7=C3C8=C4C9=C51,fullerene,635.2185409826075,14.707657641033423,0,0,0,26,26,0.0,50,0.0,217.30000000000015,0,0,1.0,156,0.01,0.8943,0.0092,3.6345,0.8805
C60_unit_aug5,C12=C3C4=C5C1=C1C6=C7C2=C2C8=C3C3=C9C4=C4C%10=C5C5=C1C1=C6C6=C%11C7=C2C2=C7C8=C3C3=C8C9=C4C4=C9C%10=C5C5=C1C1=C6C%11=C2C7=C3C8=C4C9=C51,fullerene,629.7275894053887,14.651767732849375,0,0,0,26,26,0.0,50,0.0,217.30000000000015,0,0,1.0,156,0.01,0.5157,0.0443,3.6165,0.8664
C60_unit_aug6,C12=C3C4=C5C1=C1C6=C7C2=C2C8=C3C3=C9C4=C4C%10=C5C5=C1C1=C6C6=C%11C7=C2C2=C7C8=C3C3=C8C9=C4C4=C9C%10=C5C5=C1C1=C6C%11=C2C7=C3C8=C4C9=C51,fullerene,613.17750658766,14.691422762158314,0,0,0,26,26,0.0,50,0.05764977137927195,217.30000000000015,0,0,1.0,156,0.01,0.395,-0.0226,3.5327,0.9024
C60_unit_aug7,C12=C3C4=C5C1=C1C6=C7C2=C2C8=C3C3=C9C4=C4C%10=C5C5=C1C1=C6C6=C%11C7=C2C2=C7C8=C3C3=C8C9=C4C4=C9C%10=C5C5=C1C1=C6C%11=C2C7=C3C8=C4C9=C51,fullerene,618.4561531660613,14.489244256136239,0,0,0,26,26,0.0,50,0.0,217.30000000000015,0,0,0.978563885844247,156,0.01,0.0077,0.0056,3.5067,0.8668
