name,smiles,family,mw,logp,hbd,hba,rotbonds,arom_rings,total_rings,tpsa,heavy_atoms,frac_csp3,mol_refractivity,nhoh,no_count,planarity_score,pi_extent,fp_density,bandgap_ev,abs_efficiency,fluoro_substitution,space_uv_factor
Pentacene,c1ccc2cc3cc4cc5ccccc5cc4cc3cc2c1,acene,278.354,6.299400000000003,0,0,0,5,5,0.0,22,0.0,96.46600000000004,0,0,1.0,30,0.021484375,2.7,0.85,0.0,0.0
Tetracene,c1ccc2cc3cc4ccccc4cc3cc2c1,acene,228.29399999999998,5.146200000000003,0,0,0,4,4,0.0,18,0.0,78.96000000000002,0,0,1.0,24,0.021484375,2.4,0.8,0.0,0.0
Hexacene,c1ccc2cc3cc4cc5cc6ccccc6cc5cc4cc3cc2c1,acene,328.41400000000004,7.452600000000003,0,0,0,6,6,0.0,26,0.0,113.97200000000004,0,0,1.0,36,0.021484375,3.0,0.87,0.0,0.0
Chrysene,c1ccc2cc3ccccc3cc2c1,PAH,178.23399999999995,3.993000000000002,0,0,0,3,3,0.0,14,0.0,61.45400000000003,0,0,1.0,18,0.01953125,2.5,0.78,0.0,0.0
Pyrene,c1cc2ccc3cccc4ccc(c1)c2c34,PAH,202.25599999999997,4.584000000000002,0,0,0,4,4,0.0,16,0.0,70.14600000000003,0,0,1.0,24,0.021484375,2.6,0.79,0.0,0.0
Triphenylene,c1ccc2cc3ccccc3cc2c1,PAH,178.23399999999995,3.993000000000002,0,0,0,3,3,0.0,14,0.0,61.45400000000003,0,0,1.0,18,0.01953125,2.8,0.81,0.0,0.0
Fluorene,c1ccc2c(c1)Cc1ccccc1-2,PAH,166.22299999999998,3.2578000000000014,0,0,0,2,3,0.0,13,0.07692307692307693,54.684000000000026,0,0,0.9230769230769231,16,0.02734375,2.0,0.7,0.0,0.0
Coronene,c1cc2ccc3ccc4ccc5ccc6ccc1c1c2c3c4c5c61,PAH,300.36000000000007,6.919200000000002,0,0,0,7,7,0.0,24,0.0,105.03600000000007,0,0,1.0,42,0.015625,3.6,0.9,0.0,0.0
Perylene,C1=C2C=CC=CC2=C2C=CC=CC2=C2C=CC=CC12,rylene,242.321,2.6605800000000013,0,0,0,2,4,0.0,19,0.05263157894736842,79.44900000000001,0,0,0.631578947368421,20,0.052734375,3.0,0.84,0.0,0.0
P3HT_unit,CCCCCCc1ccc(s1),donor,168.305,3.8709000000000033,0,1,5,1,1,0.0,11,0.6,52.16500000000004,0,0,0.45454545454545453,6,0.046875,2.1,0.71,0.0,0.0
DPP_core,O=C1c2ccccc2C(=O)N1c1ccccc1,donor,223.231,2.4872000000000005,0,2,1,2,3,37.38,17,0.0,64.02400000000003,0,3,0.7058823529411765,16,0.037109375,2.4,0.78,0.0,0.0
Carbazole,c1ccc2[nH]c3ccccc3c2c1,donor,167.21099999999998,3.3211000000000013,1,0,0,3,3,15.79,13,0.0,55.80470000000002,1,1,1.0,18,0.025390625,2.2,0.73,0.0,0.0
BTR_unit,c1cc2c(s1)-c1sccc1-2,donor,164.254,3.4570000000000007,0,2,0,2,3,0.0,10,0.0,46.626000000000005,0,0,1.0,16,0.025390625,2.3,0.76,0.0,0.0
PDI_core,O=C1c2cccc3cccc4cccc(c2c3c14)C(=O)N1CCCCC1,PDI,341.4100000000002,3.663400000000002,0,2,1,0,5,37.38,26,0.21739130434782608,101.15900000000002,0,3,0.0,20,0.0703125,3.8,0.92,0.0,0.0
IT4F_core,O=C1C(=Cc2sc3c(c2)c2c(cc3)CCCC2)c2ccc(F)c(F)c2C1=O,NFA,380.415,5.364300000000003,0,3,1,3,5,34.14,27,0.18181818181818182,102.03350000000006,0,2,0.5555555555555556,26,0.091796875,4.1,0.93,0.0,0.0
Triazine_acc,c1ncnc(c1)-c1ccncc1,BN_mat,157.17599999999996,1.5385999999999997,0,3,1,2,2,38.67,12,0.0,45.26300000000002,0,3,1.0,12,0.037109375,1.8,0.65,0.0,0.0
Benzimidazole,c1ccc2[nH]cnc2c1,rad_hard,118.13899999999998,1.5629,1,1,0,2,2,28.68,9,0.0,36.0937,1,2,1.0,12,0.037109375,1.7,0.62,0.0,0.0
Polyimide_unit,O=C1OC(=O)c2ccccc21,rad_hard,148.11699999999996,0.9972,0,3,0,1,2,43.370000000000005,11,0.0,36.18800000000001,0,3,0.5454545454545454,10,0.02734375,1.9,0.66,0.0,0.0
PTFE_unit,C(F)(F)=C(F)F,rad_hard,100.01400000000001,1.991,0,0,0,0,0,0.0,6,0.0,11.458000000000002,0,0,0.0,0,0.009765625,0.3,0.2,0.0,0.0
Diamond_unit,C12CC3CC(CC(C3)C1)C2,rad_hard,136.238,2.832600000000001,0,0,0,0,4,0.0,10,1.0,41.66200000000001,0,0,0.0,16,0.01171875,1.2,0.5,0.0,0.0
MAI_cation,C[NH3+],perovskite,32.066,-1.1419000000000001,1,0,0,0,0,27.64,2,1.0,8.8121,3,1,0.0,0,0.005859375,0.5,0.3,0.0,0.0
FA_cation,NC(=N)N,perovskite,59.071999999999996,-1.1614300000000002,3,1,0,0,0,75.89,4,0.0,16.1015,5,3,0.0,0,0.01171875,0.8,0.4,0.0,0.0
GUA_cation,NC(=N)N,perovskite,59.071999999999996,-1.1614300000000002,3,1,0,0,0,75.89,4,0.0,16.1015,5,3,0.0,0,0.01171875,0.8,0.41,0.0,0.0
Rubrene_unit,c1ccc(-c2cc3ccccc3cc2)cc1,acene,204.272,4.506800000000003,0,0,1,3,3,0.0,16,0.0,69.38400000000004,0,0,1.0,18,0.03515625,3.1,0.88,0.0,0.0
Rhodamine_B,CCN(CC)c1ccc2c(c1)OC1=CC(=[N+](CC)CC)C=CC1=C2c1ccccc1C(=O)O,dye,443.5670000000002,5.561000000000005,1,3,7,2,4,56.69,33,0.2857142857142857,135.14329999999998,1,5,0.6060606060606061,20,0.1015625,2.9,0.82,0.0,0.0
C60_unit,C12=C3C4=C5C1=C1C6=C7C2=C2C8=C3C3=C9C4=C4C%10=C5C5=C1C1=C6C6=C%11C7=C2C2=C7C8=C3C3=C8C9=C4C4=C9C%10=C5C5=C1C1=C6C%11=C2C7=C3C8=C4C9=C51,fullerene,600.5500000000002,14.775000000000007,0,0,0,26,26,0.0,50,0.0,217.30000000000015,0,0,1.0,156,0.005859375,3.5,0.88,0.0,0.0
Pentacene_aug0,c1ccc2cc3cc4cc5ccccc5cc4cc3cc2c1,acene,288.2882830602246,6.257920709648648,0,0,0,5,5,0.0,22,0.0,96.46600000000004,0,0,1.0,30,0.036833069583058174,2.8,0.858,0.732,-0.01
Pentacene_aug1,c1ccc2cc3cc4cc5ccccc5cc4cc3cc2c1,acene,268.9645122813009,6.462168013075792,0,0,0,5,5,0.0,22,0.0,96.46600000000004,0,0,0.948252465024609,30,0.010238624415180546,2.655,0.861,0.182,-0.072
Pentacene_aug2,c1ccc2cc3cc4cc5ccccc5cc4cc3cc2c1,acene,258.09737759331153,6.3936741997785855,0,0,0,5,5,0.0,22,0.0,96.46600000000004,0,0,1.0,30,0.01,2.699,0.9,0.292,-0.045
Pentacene_aug3,c1ccc2cc3cc4cc5ccccc5cc4cc3cc2c1,acene,267.4663455094963,6.332676776912963,0,0,0,5,5,0.0,22,0.0,96.46600000000004,0,0,0.981948801633118,30,0.05852993869017876,2.717,0.844,0.608,-0.074
Pentacene_aug4,c1ccc2cc3cc4cc5ccccc5cc4cc3cc2c1,acene,278.0840555052413,5.982086721313233,0,0,0,5,5,0.0,22,0.0,96.46600000000004,0,0,1.0,30,0.01,2.742,0.875,0.034,0.036
Pentacene_aug5,c1ccc2cc3cc4cc5ccccc5cc4cc3cc2c1,acene,251.79027902203137,6.35845837076074,0,0,0,5,5,0.0,22,0.008568414059498526,96.46600000000004,0,0,0.9965305515283528,30,0.015462301088214225,2.862,0.892,0.97,0.016
Pentacene_aug6,c1ccc2cc3cc4cc5ccccc5cc4cc3cc2c1,acene,248.78356019265144,6.083446737481591,0,0,0,5,5,0.0,22,0.0,96.46600000000004,0,0,1.0,30,0.01378272939167367,2.778,0.877,0.829,-0.046
Pentacene_aug7,c1ccc2cc3cc4cc5ccccc5cc4cc3cc2c1,acene,264.8155599938808,6.482902886652264,0,0,0,5,5,0.0,22,0.04656400595580993,96.46600000000004,0,0,0.9748234743033208,30,0.015300127482975708,2.723,0.881,0.006,0.022
Tetracene_aug0,c1ccc2cc3cc4ccccc4cc3cc2c1,acene,234.91926862807125,5.438863538136711,0,0,0,4,4,0.0,18,0.0,78.96000000000002,0,0,1.0,24,0.04860917557141646,2.359,0.773,0.331,-0.09
Tetracene_aug1,c1ccc2cc3cc4ccccc4cc3cc2c1,acene,226.8537975683933,5.447259869367611,0,0,0,4,4,0.0,18,0.07690182832329846,78.96000000000002,0,0,0.9989252188267015,24,0.05277724811628012,2.425,0.813,0.12,0.007
Tetracene_aug2,c1ccc2cc3cc4ccccc4cc3cc2c1,acene,175.8990979182051,5.39277075131257,0,0,0,4,4,0.0,18,0.0,78.96000000000002,0,0,1.0,24,0.01,2.32,0.803,0.025,-0.084
Tetracene_aug3,c1ccc2cc3cc4ccccc4cc3cc2c1,acene,223.90056224324974,5.253333771453527,0,0,0,4,4,0.0,18,0.0,78.96000000000002,0,0,1.0,24,0.02805939719319369,2.475,0.784,0.41,0.013
Tetracene_aug4,c1ccc2cc3cc4ccccc4cc3cc2c1,acene,217.6987959246592,5.30018022993401,0,0,0,4,4,0.0,18,0.0,78.96000000000002,0,0,0.9882367554060353,24,0.01,2.515,0.797,0.893,-0.019
Tetracene_aug5,c1ccc2cc3cc4ccccc4cc3cc2c1,acene,234.2164055412915,5.22451658165397,0,0,0,4,4,0.0,18,0.0,78.96000000000002,0,0,0.9897185645041969,24,0.01,2.378,0.758,0.007,-0.023
Tetracene_aug6,c1ccc2cc3cc4ccccc4cc3cc2c1,acene,225.0682857666798,5.267415257044364,0,0,0,4,4,0.0,18,0.0,78.96000000000002,0,0,0.9424368635410287,24,0.020954097491015664,2.483,0.818,0.519,0.005
Tetracene_aug7,c1ccc2cc3cc4ccccc4cc3cc2c1,acene,229.49860419882052,5.885172633745589,0,0,0,4,4,0.0,18,0.015077367116680625,78.96000000000002,0,0,0.9989586469088427,24,0.01,2.35,0.795,0.051,-0.058
Hexacene_aug0,c1ccc2cc3cc4cc5cc6ccccc6cc5cc4cc3cc2c1,acene,351.27045629030044,7.678179909806035,0,0,0,6,6,0.0,26,0.0,113.97200000000004,0,0,1.0,36,0.06529348751619957,3.045,0.917,0.238,0.009
Hexacene_aug1,c1ccc2cc3cc4cc5cc6ccccc6cc5cc4cc3cc2c1,acene,308.6032734973863,7.2827106811191715,0,0,0,6,6,0.0,26,0.0034281487403013664,113.97200000000004,0,0,0.9681308885882168,36,0.030956223612703632,2.995,0.824,0.041,-0.011
Hexacene_aug2,c1ccc2cc3cc4cc5cc6ccccc6cc5cc4cc3cc2c1,acene,310.02551531532396,7.917580321505265,0,0,0,6,6,0.0,26,0.0,113.97200000000004,0,0,1.0,36,0.01,3.061,0.865,0.937,-0.079
Hexacene_aug3,c1ccc2cc3cc4cc5cc6ccccc6cc5cc4cc3cc2c1,acene,332.96319869208264,7.844742826284731,0,0,0,6,6,0.0,26,0.03909114358886552,113.97200000000004,0,0,0.9628914786736575,36,0.01,3.016,0.888,0.53,-0.064
Hexacene_aug4,c1ccc2cc3cc4cc5cc6ccccc6cc5cc4cc3cc2c1,acene,338.852831312338,7.5416954019699585,0,0,0,6,6,0.0,26,0.011612684858050178,113.97200000000004,0,0,1.0,36,0.01,3.15,0.867,0.887,0.017
Hexacene_aug5,c1ccc2cc3cc4cc5cc6ccccc6cc5cc4cc3cc2c1,acene,365.72949022289515,7.594749876273539,0,0,0,6,6,0.0,26,0.039354230187122606,113.97200000000004,0,0,1.0,36,0.01,3.031,0.854,0.652,-0.066
Hexacene_aug6,c1ccc2cc3cc4cc5cc6ccccc6cc5cc4cc3cc2c1,acene,347.68152258488647,7.576434278080953,0,0,0,6,6,0.0,26,0.0,113.97200000000004,0,0,0.9733145671112343,36,0.01,3.084,0.876,0.658,-0.015
Hexacene_aug7,c1ccc2cc3cc4cc5cc6ccccc6cc5cc4cc3cc2c1,acene,326.871965811718,7.554945592444996,0,0,0,6,6,0.0,26,0.07267670385786584,113.97200000000004,0,0,0.9920602950028613,36,0.07588775833179237,3.128,0.888,0.892,-0.005
Chrysene_aug0,c1ccc2cc3ccccc3cc2c1,PAH,190.7473469553001,3.7358527330751174,0,0,0,3,3,0.0,14,0.024123620762159265,61.45400000000003,0,0,0.9932961164402244,18,0.03381125988184184,2.446,0.753,0.281,-0.096
Chrysene_aug1,c1ccc2cc3ccccc3cc2c1,PAH,187.69875249147086,3.97115132620294,0,0,0,3,3,0.0,14,0.0,61.45400000000003,0,0,0.9866045514379894,18,0.03665922588646944,2.672,0.774,0.964,0.028
Chrysene_aug2,c1ccc2cc3ccccc3cc2c1,PAH,182.51587488260404,3.6192783663864057,0,0,0,3,3,0.0,14,0.007686255297276396,61.45400000000003,0,0,1.0,18,0.01,2.645,0.772,0.936,0.004
Chrysene_aug3,c1ccc2cc3ccccc3cc2c1,PAH,185.3897472069656,4.161235357910472,0,0,0,3,3,0.0,14,0.0,61.45400000000003,0,0,1.0,18,0.029806969018244176,2.61,0.753,0.697,0.005
Chrysene_aug4,c1ccc2cc3ccccc3cc2c1,PAH,188.5349537261209,5.148819447196418,0,0,0,3,3,0.0,14,0.0325695625652899,61.45400000000003,0,0,0.9905419226607897,18,0.03471063440986535,2.617,0.825,0.798,-0.003
Chrysene_aug5,c1ccc2cc3ccccc3cc2c1,PAH,162.7774957092485,3.9219544179779993,0,0,0,3,3,0.0,14,0.0,61.45400000000003,0,0,1.0,18,0.01,2.492,0.861,0.578,-0.095
Chrysene_aug6,c1ccc2cc3ccccc3cc2c1,PAH,168.79536268421128,4.319685179090212,0,0,0,3,3,0.0,14,0.033979887446733796,61.45400000000003,0,0,0.978089001048486,18,0.023860421791639497,2.497,0.761,0.127,-0.022
Chrysene_aug7,c1ccc2cc3ccccc3cc2c1,PAH,179.14543679807622,3.797519895718257,0,0,0,3,3,0.0,14,0.009322715738471382,61.45400000000003,0,0,0.9801464060569484,18,0.036579916695924475,2.577,0.73,0.541,-0.004
Pyrene_aug0,c1cc2ccc3cccc4ccc(c1)c2c34,PAH,186.40558523134595,4.549579067559932,0,0,0,4,4,0.0,16,0.043287759708506075,70.14600000000003,0,0,0.9639911077883268,24,0.014794350283181032,2.648,0.806,0.025,0.044
Pyrene_aug1,c1cc2ccc3cccc4ccc(c1)c2c34,PAH,192.75709377678083,4.388001230227888,0,0,0,4,4,0.0,16,0.045893097352738804,70.14600000000003,0,0,1.0,24,0.04213368021102294,2.69,0.763,0.549,0.007
Pyrene_aug2,c1cc2ccc3cccc4ccc(c1)c2c34,PAH,171.8686006809197,4.438729778140127,0,0,0,4,4,0.0,16,0.03873170267146684,70.14600000000003,0,0,0.9721920858526575,24,0.020293867878764,2.667,0.81,0.356,0.014
Pyrene_aug3,c1cc2ccc3cccc4ccc(c1)c2c34,PAH,137.43065319861853,4.276683707599715,0,0,0,4,4,0.0,16,0.0,70.14600000000003,0,0,0.9867986653990904,24,0.024099186545721827,2.591,0.842,0.173,-0.035
Pyrene_aug4,c1cc2ccc3cccc4ccc(c1)c2c34,PAH,231.0814657813223,4.153241354646171,0,0,0,4,4,0.0,16,0.02310517371316354,70.14600000000003,0,0,1.0,24,0.01,2.704,0.771,0.503,0.028
Pyrene_aug5,c1cc2ccc3cccc4ccc(c1)c2c34,PAH,203.65204169980035,4.468405920941474,0,0,0,4,4,0.0,16,0.0,70.14600000000003,0,0,1.0,24,0.01,2.727,0.856,0.94,-0.014
Pyrene_aug6,c1cc2ccc3cccc4ccc(c1)c2c34,PAH,199.2202980992883,4.760495161945375,0,0,0,4,4,0.0,16,0.0,70.14600000000003,0,0,0.9937563324892817,24,0.011624356306823343,2.78,0.818,0.961,0.036
Pyrene_aug7,c1cc2ccc3cccc4ccc(c1)c2c34,PAH,190.46870486111575,4.83888062910631,0,0,0,4,4,0.0,16,0.015364976043830468,70.14600000000003,0,0,1.0,24,0.034076951838472244,2.622,0.819,0.118,0.005
Triphenylene_aug0,c1ccc2cc3ccccc3cc2c1,PAH,161.6540997815585,3.8249456879409114,0,0,0,3,3,0.0,14,0.0058663691654391,61.45400000000003,0,0,1.0,18,0.01,2.934,0.824,0.751,0.021
Triphenylene_aug1,c1ccc2cc3ccccc3cc2c1,PAH,189.1759476234007,3.9323422042698337,0,0,0,3,3,0.0,14,0.04067548180003193,61.45400000000003,0,0,1.0,18,0.01995132683265518,2.893,0.852,0.858,-0.036
Triphenylene_aug2,c1ccc2cc3ccccc3cc2c1,PAH,191.87305942589924,3.8999199730219654,0,0,0,3,3,0.0,14,0.0,61.45400000000003,0,0,1.0,18,0.03143439050873827,2.76,0.828,0.389,-0.098
Triphenylene_aug3,c1ccc2cc3ccccc3cc2c1,PAH,161.8695863353305,4.62071618270564,0,0,0,3,3,0.0,14,0.039583134698146796,61.45400000000003,0,0,1.0,18,0.0320981601852856,2.793,0.851,0.293,-0.051
Triphenylene_aug4,c1ccc2cc3ccccc3cc2c1,PAH,177.98906454306166,3.7238236885542526,0,0,0,3,3,0.0,14,0.0,61.45400000000003,0,0,0.9752350840962246,18,0.01310353316694013,2.791,0.84,0.058,-0.018
Triphenylene_aug5,c1ccc2cc3ccccc3cc2c1,PAH,186.49262908551245,3.8238826341588097,0,0,0,3,3,0.0,14,0.0,61.45400000000003,0,0,0.9858688508314504,18,0.024172248747152725,2.808,0.83,0.618,-0.085
Triphenylene_aug6,c1ccc2cc3ccccc3cc2c1,PAH,149.27231317005348,3.5707608676870355,0,0,0,3,3,0.0,14,0.0,61.45400000000003,0,0,1.0,18,0.04903837433899104,2.964,0.805,0.813,0.042
Triphenylene_aug7,c1ccc2cc3ccccc3cc2c1,PAH,195.38719246404034,3.945018441010974,0,0,0,3,3,0.0,14,0.0,61.45400000000003,0,0,1.0,18,0.01,2.791,0.812,0.111,-0.026
Fluorene_aug0,c1ccc2c(c1)Cc1ccccc1-2,PAH,176.60993028482343,3.7176216739007746,0,0,0,2,3,0.0,13,0.05686205332878511,54.684000000000026,0,0,0.9297996975312356,16,0.027595598015635898,2.101,0.74,0.962,-0.044
Fluorene_aug1,c1ccc2c(c1)Cc1ccccc1-2,PAH,168.1765219709766,3.0258970648433614,0,0,0,2,3,0.0,13,0.12488661822733726,54.684000000000026,0,0,0.9876723968022698,16,0.01199679874223901,2.124,0.763,0.969,-0.022
Fluorene_aug2,c1ccc2c(c1)Cc1ccccc1-2,PAH,183.66941273441356,3.312802601721507,0,0,0,2,3,0.0,13,0.03650816265531935,54.684000000000026,0,0,0.8978852678114998,16,0.015355897091119557,1.949,0.767,0.045,-0.058
Fluorene_aug3,c1ccc2c(c1)Cc1ccccc1-2,PAH,123.74508551380384,3.100073493495773,0,0,0,2,3,0.0,13,0.17073161888387123,54.684000000000026,0,0,0.9515896382225046,16,0.01580567688675194,1.999,0.722,0.584,-0.088
Fluorene_aug4,c1ccc2c(c1)Cc1ccccc1-2,PAH,148.25470657303282,3.405375751451953,0,0,0,2,3,0.0,13,0.1684960152157946,54.684000000000026,0,0,0.9584601266985617,16,0.017960236957905905,2.16,0.679,0.911,0.023
Fluorene_aug5,c1ccc2c(c1)Cc1ccccc1-2,PAH,131.96030941818242,3.663961712249625,0,0,0,2,3,0.0,13,0.13881389252175003,54.684000000000026,0,0,0.8752440933130922,16,0.015356249540924542,2.172,0.716,0.97,0.026
Fluorene_aug6,c1ccc2c(c1)Cc1ccccc1-2,PAH,166.32787399436364,3.271894178129424,0,0,0,2,3,0.0,13,0.10806557354045186,54.684000000000026,0,0,0.8910483101954453,16,0.02449616029957413,2.157,0.702,0.769,0.042
Fluorene_aug7,c1ccc2c(c1)Cc1ccccc1-2,PAH,168.62891263423796,3.412131650217626,0,0,0,2,3,0.0,13,0.14080691801800238,54.684000000000026,0,0,0.9330463434363109,16,0.012374019268868927,2.035,0.659,0.229,0.001
Coronene_aug0,c1cc2ccc3ccc4ccc5ccc6ccc1c1c2c3c4c5c61,PAH,331.38303951045054,6.953902390287859,0,0,0,7,7,0.0,24,0.08776704212216023,105.03600000000007,0,0,0.9925310755456278,42,0.03505641901908711,3.706,0.972,0.52,0.028
Coronene_aug1,c1cc2ccc3ccc4ccc5ccc6ccc1c1c2c3c4c5c61,PAH,313.267518991703,7.329789467259706,0,0,0,7,7,0.0,24,0.0,105.03600000000007,0,0,0.9645022446200268,42,0.01,3.638,0.946,0.704,-0.068
Coronene_aug2,c1cc2ccc3ccc4ccc5ccc6ccc1c1c2c3c4c5c61,PAH,294.9718633111089,7.13446267673879,0,0,0,7,7,0.0,24,0.0,105.03600000000007,0,0,0.9488985268193454,42,0.014514046022067625,3.695,0.959,0.514,0.018
Coronene_aug3,c1cc2ccc3ccc4ccc5ccc6ccc1c1c2c3c4c5c61,PAH,308.0413089787862,6.909391575571774,0,0,0,7,7,0.0,24,0.03348362744150193,105.03600000000007,0,0,1.0,42,0.01,3.623,0.871,0.493,-0.051
Coronene_aug4,c1cc2ccc3ccc4ccc5ccc6ccc1c1c2c3c4c5c61,PAH,290.0826616532662,6.601435943433317,0,0,0,7,7,0.0,24,0.025202325775892223,105.03600000000007,0,0,0.9840922714488268,42,0.01,3.706,0.888,0.897,-0.029
Coronene_aug5,c1cc2ccc3ccc4ccc5ccc6ccc1c1c2c3c4c5c61,PAH,298.2193928009089,6.60862730327419,0,0,0,7,7,0.0,24,0.0017631775985864307,105.03600000000007,0,0,0.9790082347602225,42,0.01990459821468444,3.586,0.963,0.206,-0.045
Coronene_aug6,c1cc2ccc3ccc4ccc5ccc6ccc1c1c2c3c4c5c61,PAH,298.11343900618346,6.852909120140035,0,0,0,7,7,0.0,24,0.0,105.03600000000007,0,0,0.9917484490854507,42,0.01,3.733,0.9,0.806,0.012
Coronene_aug7,c1cc2ccc3ccc4ccc5ccc6ccc1c1c2c3c4c5c61,PAH,270.056178756029,7.329262280233359,0,0,0,7,7,0.0,24,0.015562507727176806,105.03600000000007,0,0,1.0,42,0.038016498228691534,3.682,0.927,0.463,0.012
Perylene_aug0,C1=C2C=CC=CC2=C2C=CC=CC2=C2C=CC=CC12,rylene,239.76264817038467,2.3739178678198734,0,0,0,2,4,0.0,19,0.0,79.44900000000001,0,0,0.6121817608411452,20,0.0311034149277121,3.016,0.828,0.533,-0.064
Perylene_aug1,C1=C2C=CC=CC2=C2C=CC=CC2=C2C=CC=CC12,rylene,276.0638327014513,2.9250719270848364,0,0,0,2,4,0.0,19,0.009567368880955232,79.44900000000001,0,0,0.6772726696865108,20,0.06351257587369318,3.093,0.858,0.789,-0.025
Perylene_aug2,C1=C2C=CC=CC2=C2C=CC=CC2=C2C=CC=CC12,rylene,221.57607691347087,2.6034783965749186,0,0,0,2,4,0.0,19,0.14810241097087495,79.44900000000001,0,0,0.5896219201538467,20,0.06399375973381141,2.997,0.873,0.284,-0.046
Perylene_aug3,C1=C2C=CC=CC2=C2C=CC=CC2=C2C=CC=CC12,rylene,229.30814861756346,2.5144423848705926,0,0,0,2,4,0.0,19,0.01108407312681653,79.44900000000001,0,0,0.6396926521418161,20,0.05172961281101726,2.971,0.845,0.187,-0.057
Perylene_aug4,C1=C2C=CC=CC2=C2C=CC=CC2=C2C=CC=CC12,rylene,237.5420390626718,2.388310901387522,0,0,0,2,4,0.0,19,0.09040114023865622,79.44900000000001,0,0,0.6466064629971524,20,0.03318327010402898,3.175,0.842,0.969,0.03
Perylene_aug5,C1=C2C=CC=CC2=C2C=CC=CC2=C2C=CC=CC12,rylene,244.30764610858452,2.885996137011538,0,0,0,2,4,0.0,19,0.08116151237702639,79.44900000000001,0,0,0.6086811726721455,20,0.016636732986709618,3.028,0.832,0.572,-0.058
Perylene_aug6,C1=C2C=CC=CC2=C2C=CC=CC2=C2C=CC=CC12,rylene,209.77015124233674,2.675005483998416,0,0,0,2,4,0.0,19,0.0,79.44900000000001,0,0,0.6295965534090016,20,0.028514051004750865,3.009,0.861,0.115,-0.008
Perylene_aug7,C1=C2C=CC=CC2=C2C=CC=CC2=C2C=CC=CC12,rylene,229.28427784395683,2.6747996013949256,0,0,0,2,4,0.0,19,0.02378698547121098,79.44900000000001,0,0,0.6566497107303753,20,0.03014023790684764,2.971,0.877,0.337,-0.08
P3HT_unit_aug0,CCCCCCc1ccc(s1),donor,178.90108355830566,4.3033705861973734,0,1,5,1,1,0.0,11,0.5898477306978503,52.16500000000004,0,0,0.4656798307465938,6,0.03479529626568359,2.133,0.737,0.472,-0.038
P3HT_unit_aug1,CCCCCCc1ccc(s1),donor,170.036795749458,3.8241968293823794,0,1,5,1,1,0.0,11,0.5794061516938767,52.16500000000004,0,0,0.4399172678232797,6,0.03822383624360758,2.212,0.732,0.574,0.026
P3HT_unit_aug2,CCCCCCc1ccc(s1),donor,176.19404284756595,3.7446046557539243,0,1,5,1,1,0.0,11,0.583698823391608,52.16500000000004,0,0,0.49058187221037286,6,0.038713492539568975,2.178,0.749,0.665,-0.022
P3HT_unit_aug3,CCCCCCc1ccc(s1),donor,127.54250929644293,3.568474106724782,0,1,5,1,1,0.0,11,0.6838218656137641,52.16500000000004,0,0,0.4643532757583794,6,0.042492989423822715,2.115,0.72,0.463,-0.055
P3HT_unit_aug4,CCCCCCc1ccc(s1),donor,184.8931116236698,3.2075594072976377,0,1,5,1,1,0.0,11,0.6571877021603464,52.16500000000004,0,0,0.46470034677028693,6,0.03856924172198398,2.23,0.684,0.906,-0.006
P3HT_unit_aug5,CCCCCCc1ccc(s1),donor,180.9606373221257,4.552107857341322,0,1,5,1,1,0.0,11,0.5575077815267604,52.16500000000004,0,0,0.4794555290417819,6,0.029753323481822656,2.252,0.714,0.894,0.018
P3HT_unit_aug6,CCCCCCc1ccc(s1),donor,169.73632474438784,3.7276027659704685,0,1,5,1,1,0.0,11,0.5744991800572626,52.16500000000004,0,0,0.44644920648665337,6,0.027299725684353852,2.246,0.756,0.762,0.032
P3HT_unit_aug7,CCCCCCc1ccc(s1),donor,159.41913479847778,3.984090147913459,0,1,5,1,1,0.0,11,0.6677818929402475,52.16500000000004,0,0,0.46694850164216556,6,0.08441091625116132,2.143,0.741,0.229,0.008
DPP_core_aug0,O=C1c2ccccc2C(=O)N1c1ccccc1,donor,207.75521601792855,2.1138035890065754,0,2,1,2,3,37.38,17,0.07480221557445915,64.02400000000003,0,3,0.7255133226317982,16,0.0359976815817909,2.464,0.73,0.182,0.036
DPP_core_aug1,O=C1c2ccccc2C(=O)N1c1ccccc1,donor,228.8303725263964,2.1495532858104878,0,2,1,2,3,37.38,17,0.036288331194934596,64.02400000000003,0,3,0.7203126298932779,16,0.04158705548558263,2.468,0.793,0.506,-0.008
DPP_core_aug2,O=C1c2ccccc2C(=O)N1c1ccccc1,donor,207.42151089109376,2.6286405071407994,0,2,1,2,3,37.38,17,0.0,64.02400000000003,0,3,0.6761942083334191,16,0.03459363659800704,2.477,0.839,0.576,-0.009
DPP_core_aug3,O=C1c2ccccc2C(=O)N1c1ccccc1,donor,224.34549824577388,2.815457455541285,0,2,1,2,3,37.38,17,0.0,64.02400000000003,0,3,0.6755192216833715,16,0.01,2.449,0.787,0.591,-0.04
DPP_core_aug4,O=C1c2ccccc2C(=O)N1c1ccccc1,donor,239.69441167923827,2.509195390156522,0,2,1,2,3,37.38,17,0.08345107626446965,64.02400000000003,0,3,0.6980946124002684,16,0.01,2.404,0.777,0.346,-0.048
DPP_core_aug5,O=C1c2ccccc2C(=O)N1c1ccccc1,donor,218.3161387182811,2.4053829290756994,0,2,1,2,3,37.38,17,0.03481031824067092,64.02400000000003,0,3,0.7613510357895369,16,0.05964067559095515,2.438,0.783,0.498,-0.037
DPP_core_aug6,O=C1c2ccccc2C(=O)N1c1ccccc1,donor,217.8532261889034,2.1552422273774994,0,2,1,2,3,37.38,17,0.002960921700724413,64.02400000000003,0,3,0.7063002316985649,16,0.03662687325779993,2.462,0.859,0.085,0.05
DPP_core_aug7,O=C1c2ccccc2C(=O)N1c1ccccc1,donor,227.1926952153571,2.4438918764228177,0,2,1,2,3,37.38,17,0.0,64.02400000000003,0,3,0.6844969794608616,16,0.03923797955383794,2.359,0.783,0.205,-0.071
Carbazole_aug0,c1ccc2[nH]c3ccccc3c2c1,donor,162.11145565158287,3.7722978965748077,1,0,0,3,3,15.79,13,0.0,55.80470000000002,1,1,0.9897193721775895,18,0.017961807680084173,2.245,0.778,0.524,-0.034
Carbazole_aug1,c1ccc2[nH]c3ccccc3c2c1,donor,139.06076610564355,3.0877549937227387,1,0,0,3,3,15.79,13,0.06357775474970793,55.80470000000002,1,1,1.0,18,0.01,2.258,0.771,0.644,-0.039
Carbazole_aug2,c1ccc2[nH]c3ccccc3c2c1,donor,156.7205946744045,3.467912368368377,1,0,0,3,3,15.79,13,0.0,55.80470000000002,1,1,1.0,18,0.034275891229720794,2.234,0.736,0.653,-0.064
Carbazole_aug3,c1ccc2[nH]c3ccccc3c2c1,donor,159.99167668361838,3.668898941009276,1,0,0,3,3,15.79,13,0.0,55.80470000000002,1,1,1.0,18,0.01,2.231,0.761,0.668,-0.069
Carbazole_aug4,c1ccc2[nH]c3ccccc3c2c1,donor,185.691540384138,3.2656293590671046,1,0,0,3,3,15.79,13,0.0,55.80470000000002,1,1,0.9533011247942829,18,0.03751082402691279,2.274,0.725,0.817,-0.049
Carbazole_aug5,c1ccc2[nH]c3ccccc3c2c1,donor,141.60241295007432,3.8475382545953107,1,0,0,3,3,15.79,13,0.0,55.80470000000002,1,1,0.9836524273957316,18,0.033373347287041416,2.248,0.747,0.552,-0.035
Carbazole_aug6,c1ccc2[nH]c3ccccc3c2c1,donor,166.458305951503,3.6520905646049577,1,0,0,3,3,15.79,13,0.0,55.80470000000002,1,1,1.0,18,0.01,2.354,0.737,0.895,0.02
Carbazole_aug7,c1ccc2[nH]c3ccccc3c2c1,donor,140.24729155788572,3.5440792282068156,1,0,0,3,3,15.79,13,0.017379085268083554,55.80470000000002,1,1,0.9838072095907191,18,0.01,2.246,0.733,0.139,0.025
BTR_unit_aug0,c1cc2c(s1)-c1sccc1-2,donor,168.17090510195362,3.1634881667154913,0,2,0,2,3,0.0,10,0.02362987412065215,46.626000000000005,0,0,1.0,16,0.04504444467891028,2.324,0.796,0.274,-0.017
BTR_unit_aug1,c1cc2c(s1)-c1sccc1-2,donor,197.56348888925152,3.76131101950544,0,2,0,2,3,0.0,10,0.0,46.626000000000005,0,0,0.9812554426691297,16,0.025912446004216674,2.363,0.708,0.175,0.037
BTR_unit_aug2,c1cc2c(s1)-c1sccc1-2,donor,174.60718040938247,3.239276856053961,0,2,0,2,3,0.0,10,0.0,46.626000000000005,0,0,0.9723030026166729,16,0.01,2.303,0.743,0.083,-0.01
BTR_unit_aug3,c1cc2c(s1)-c1sccc1-2,donor,144.73653494045334,3.7730925389823526,0,2,0,2,3,0.0,10,0.009241806184743696,46.626000000000005,0,0,0.9742492665945636,16,0.03939682258817983,2.356,0.786,0.566,-0.029
BTR_unit_aug4,c1cc2c(s1)-c1sccc1-2,donor,152.74124347524452,3.493602944393609,0,2,0,2,3,0.0,10,0.0,46.626000000000005,0,0,0.9989503452850912,16,0.0608066377127102,2.364,0.804,0.496,-0.01
BTR_unit_aug5,c1cc2c(s1)-c1sccc1-2,donor,151.71465884424464,4.000734567399079,0,2,0,2,3,0.0,10,0.0486277224813365,46.626000000000005,0,0,1.0,16,0.01,2.36,0.784,0.246,0.023
BTR_unit_aug6,c1cc2c(s1)-c1sccc1-2,donor,149.7112564835026,3.382744409334549,0,2,0,2,3,0.0,10,0.0310336048775339,46.626000000000005,0,0,1.0,16,0.01,2.358,0.776,0.917,-0.079
BTR_unit_aug7,c1cc2c(s1)-c1sccc1-2,donor,171.85795702011924,3.6401757235851475,0,2,0,2,3,0.0,10,0.022959003961421837,46.626000000000005,0,0,0.9978950286562406,16,0.01,2.42,0.801,0.807,-0.001
PDI_core_aug0,O=C1c2cccc3cccc4cccc(c2c3c14)C(=O)N1CCCCC1,PDI,350.00236438265193,3.7257063061489353,0,2,1,0,5,37.38,26,0.27004894701447124,101.15900000000002,0,3,0.0,20,0.08394251394745249,3.812,0.891,0.181,-0.015
PDI_core_aug1,O=C1c2cccc3cccc4cccc(c2c3c14)C(=O)N1CCCCC1,PDI,341.9763675226094,3.6723268418487254,0,2,1,0,5,37.38,26,0.19427753991257396,101.15900000000002,0,3,0.0,20,0.06412905753062721,3.872,0.929,0.319,0.024
PDI_core_aug2,O=C1c2cccc3cccc4cccc(c2c3c14)C(=O)N1CCCCC1,PDI,345.85267543267446,3.519775413500959,0,2,1,0,5,37.38,26,0.19540475143411734,101.15900000000002,0,3,0.043409336530611985,20,0.0742435955302315,3.86,0.921,0.34,0.009
PDI_core_aug3,O=C1c2cccc3cccc4cccc(c2c3c14)C(=O)N1CCCCC1,PDI,362.04689078937287,3.2177318880889105,0,2,1,0,5,37.38,26,0.27066532310109365,101.15900000000002,0,3,0.0,20,0.0984994488037116,3.925,0.94,0.886,-0.008
PDI_core_aug4,O=C1c2cccc3cccc4cccc(c2c3c14)C(=O)N1CCCCC1,PDI,387.3879624723852,3.5545484318681044,0,2,1,0,5,37.38,26,0.29006052820371114,101.15900000000002,0,3,0.04738716437192137,20,0.05985529945693463,3.979,0.924,0.874,0.048
PDI_core_aug5,O=C1c2cccc3cccc4cccc(c2c3c14)C(=O)N1CCCCC1,PDI,333.00626365808307,3.57886461734185,0,2,1,0,5,37.38,26,0.17900142609261965,101.15900000000002,0,3,0.0,20,0.07499679465073042,3.796,0.897,0.355,-0.057
PDI_core_aug6,O=C1c2cccc3cccc4cccc(c2c3c14)C(=O)N1CCCCC1,PDI,372.42000985628175,3.363893787778365,0,2,1,0,5,37.38,26,0.20669186213655064,101.15900000000002,0,3,0.0,20,0.08380888984333207,3.875,0.954,0.218,0.042
PDI_core_aug7,O=C1c2cccc3cccc4cccc(c2c3c14)C(=O)N1CCCCC1,PDI,318.9555595687542,3.778122923855217,0,2,1,0,5,37.38,26,0.24201386754823354,101.15900000000002,0,3,0.008675059317234543,20,0.11941850279821789,3.883,0.945,0.991,-0.065
IT4F_core_aug0,O=C1C(=Cc2sc3c(c2)c2c(cc3)CCCC2)c2ccc(F)c(F)c2C1=O,NFA,367.6602003149737,5.2050009134994575,0,3,1,3,5,34.14,27,0.2412690083735594,102.03350000000006,0,2,0.5981706829952512,26,0.08038194912501047,4.061,0.915,0.22,-0.072
IT4F_core_aug1,O=C1C(=Cc2sc3c(c2)c2c(cc3)CCCC2)c2ccc(F)c(F)c2C1=O,NFA,363.76788853791544,5.505724666915924,0,3,1,3,5,34.14,27,0.10603097606832022,102.03350000000006,0,2,0.6019807115954574,26,0.12771442846191045,4.156,0.952,0.816,-0.066
IT4F_core_aug2,O=C1C(=Cc2sc3c(c2)c2c(cc3)CCCC2)c2ccc(F)c(F)c2C1=O,NFA,368.1592261903123,5.247989532019208,0,3,1,3,5,34.14,27,0.19854102131753307,102.03350000000006,0,2,0.5753118837357405,26,0.132000965775327,4.277,0.956,0.889,0.043
IT4F_core_aug3,O=C1C(=Cc2sc3c(c2)c2c(cc3)CCCC2)c2ccc(F)c(F)c2C1=O,NFA,376.87605545011905,5.124810826638466,0,3,1,3,5,34.14,27,0.27154607499407124,102.03350000000006,0,2,0.5400272165844704,26,0.09627263403277797,4.095,0.936,0.373,-0.061
IT4F_core_aug4,O=C1C(=Cc2sc3c(c2)c2c(cc3)CCCC2)c2ccc(F)c(F)c2C1=O,NFA,380.086542078545,5.720817982034428,0,3,1,3,5,34.14,27,0.23402622567163542,102.03350000000006,0,2,0.5760123002443449,26,0.12873102151472066,4.161,0.925,0.481,-0.011
IT4F_core_aug5,O=C1C(=Cc2sc3c(c2)c2c(cc3)CCCC2)c2ccc(F)c(F)c2C1=O,NFA,392.0935637065193,5.2565123727638845,0,3,1,3,5,34.14,27,0.2071818833735467,102.03350000000006,0,2,0.5875557962432302,26,0.11518278680891346,4.218,0.971,0.797,-0.001
IT4F_core_aug6,O=C1C(=Cc2sc3c(c2)c2c(cc3)CCCC2)c2ccc(F)c(F)c2C1=O,NFA,408.0581798207506,5.558912966276895,0,3,1,3,5,34.14,27,0.18915386613984797,102.03350000000006,0,2,0.5917508245508063,26,0.07545816158025528,4.156,0.928,0.159,0.032
IT4F_core_aug7,O=C1C(=Cc2sc3c(c2)c2c(cc3)CCCC2)c2ccc(F)c(F)c2C1=O,NFA,387.788466177458,5.246298356301795,0,3,1,3,5,34.14,27,0.18414000922598928,102.03350000000006,0,2,0.514759871326158,26,0.10672194632054441,4.201,0.952,0.832,-0.024
Triazine_acc_aug0,c1ncnc(c1)-c1ccncc1,BN_mat,170.08568362282148,2.1875764169916376,0,3,1,2,2,38.67,12,0.07887266398817372,45.26300000000002,0,3,0.9971411340283914,12,0.042689805515406784,1.833,0.673,0.78,-0.084
Triazine_acc_aug1,c1ncnc(c1)-c1ccncc1,BN_mat,169.33393019433075,1.5945827369469072,0,3,1,2,2,38.67,12,0.00970449964491538,45.26300000000002,0,3,1.0,12,0.016579069011778795,1.856,0.639,0.103,0.041
Triazine_acc_aug2,c1ncnc(c1)-c1ccncc1,BN_mat,159.8353934829375,1.328563755518248,0,3,1,2,2,38.67,12,0.018860593753226046,45.26300000000002,0,3,1.0,12,0.035794369778540246,1.845,0.64,0.346,-0.007
Triazine_acc_aug3,c1ncnc(c1)-c1ccncc1,BN_mat,146.072009466136,2.1029471208321766,0,3,1,2,2,38.67,12,0.0,45.26300000000002,0,3,1.0,12,0.027068290512947776,1.891,0.612,0.274,0.05
Triazine_acc_aug4,c1ncnc(c1)-c1ccncc1,BN_mat,136.7513436573857,1.7511069341898058,0,3,1,2,2,38.67,12,0.043622866414007234,45.26300000000002,0,3,1.0,12,0.03512585772441234,1.814,0.613,0.082,0.002
Triazine_acc_aug5,c1ncnc(c1)-c1ccncc1,BN_mat,194.10873992095327,1.2175745701021539,0,3,1,2,2,38.67,12,0.012166972466134593,45.26300000000002,0,3,0.9927629182643101,12,0.044150482930285936,1.801,0.657,0.398,-0.059
Triazine_acc_aug6,c1ncnc(c1)-c1ccncc1,BN_mat,132.14521151619107,1.9717293812219776,0,3,1,2,2,38.67,12,0.022837660957689198,45.26300000000002,0,3,1.0,12,0.0460635462003463,1.901,0.678,0.864,-0.029
Triazine_acc_aug7,c1ncnc(c1)-c1ccncc1,BN_mat,170.03045519735085,1.9373457590397292,0,3,1,2,2,38.67,12,0.03545018787942562,45.26300000000002,0,3,0.9973079291713832,12,0.06591171930898945,1.725,0.659,0.131,-0.095
Benzimidazole_aug0,c1ccc2[nH]cnc2c1,rad_hard,104.61115395881458,2.1031821298732445,1,1,0,2,2,28.68,9,0.0,36.0937,1,2,1.0,12,0.02405689541395218,1.704,0.628,0.201,-0.026
Benzimidazole_aug1,c1ccc2[nH]cnc2c1,rad_hard,109.21533133570439,0.9960377807163406,1,1,0,2,2,28.68,9,0.0,36.0937,1,2,0.9524829152954283,12,0.05231766812288595,1.613,0.607,0.012,-0.089
Benzimidazole_aug2,c1ccc2[nH]cnc2c1,rad_hard,133.85500317301663,1.6905372685354894,1,1,0,2,2,28.68,9,0.0,36.0937,1,2,0.999891923827283,12,0.013942081216149146,1.723,0.607,0.78,-0.094
Benzimidazole_aug3,c1ccc2[nH]cnc2c1,rad_hard,148.206966035343,1.8261086871727015,1,1,0,2,2,28.68,9,0.0,36.0937,1,2,0.9925846785243821,12,0.02346969004004403,1.685,0.637,0.56,-0.099
Benzimidazole_aug4,c1ccc2[nH]cnc2c1,rad_hard,98.10659980210167,1.4785699121342135,1,1,0,2,2,28.68,9,0.02862913906780793,36.0937,1,2,1.0,12,0.05560204865825538,1.789,0.614,0.568,0.003
Benzimidazole_aug5,c1ccc2[nH]cnc2c1,rad_hard,119.33160739840346,1.3688189666883277,1,1,0,2,2,28.68,9,0.031758590084098474,36.0937,1,2,1.0,12,0.026404670768788642,1.837,0.661,0.709,0.031
Benzimidazole_aug6,c1ccc2[nH]cnc2c1,rad_hard,144.4868813126865,1.6221798814077197,1,1,0,2,2,28.68,9,0.00989553917313239,36.0937,1,2,0.9804574598915665,12,0.027431658318913567,1.764,0.681,0.452,-0.003
Benzimidazole_aug7,c1ccc2[nH]cnc2c1,rad_hard,111.73205383611358,1.6901497839205748,1,1,0,2,2,28.68,9,0.0,36.0937,1,2,0.9992693622321706,12,0.07995478217223728,1.797,0.655,0.976,-0.049
Polyimide_unit_aug0,O=C1OC(=O)c2ccccc21,rad_hard,182.66786340201418,1.1280971009022096,0,3,0,1,2,43.370000000000005,11,0.0060015663359130654,36.18800000000001,0,3,0.5638600846364579,10,0.01,1.984,0.666,0.228,0.049
Polyimide_unit_aug1,O=C1OC(=O)c2ccccc21,rad_hard,142.96946925153307,0.4966247778367232,0,3,0,1,2,43.370000000000005,11,0.07869933816450164,36.18800000000001,0,3,0.5086815755644751,10,0.01,2.039,0.663,0.868,0.009
Polyimide_unit_aug2,O=C1OC(=O)c2ccccc21,rad_hard,152.6060363711994,1.3113294907836464,0,3,0,1,2,43.370000000000005,11,0.0,36.18800000000001,0,3,0.5402757264563208,10,0.04501694874973344,1.975,0.701,0.439,0.009
Polyimide_unit_aug3,O=C1OC(=O)c2ccccc21,rad_hard,161.16345756826834,0.5242823529047251,0,3,0,1,2,43.370000000000005,11,0.06900456770737258,36.18800000000001,0,3,0.5266876644092595,10,0.03525982066874818,1.968,0.723,0.912,-0.068
Polyimide_unit_aug4,O=C1OC(=O)c2ccccc21,rad_hard,157.99760372565473,1.075402129747172,0,3,0,1,2,43.370000000000005,11,0.05863645096296824,36.18800000000001,0,3,0.5617625500923784,10,0.019931463358277883,1.863,0.663,0.18,-0.064
Polyimide_unit_aug5,O=C1OC(=O)c2ccccc21,rad_hard,163.55097421296685,0.14263721381097738,0,3,0,1,2,43.370000000000005,11,0.0,36.18800000000001,0,3,0.5066141011829183,10,0.05056028574757039,1.943,0.656,0.359,-0.011
Polyimide_unit_aug6,O=C1OC(=O)c2ccccc21,rad_hard,138.76297597376214,1.1011511645192147,0,3,0,1,2,43.370000000000005,11,0.0,36.18800000000001,0,3,0.5753425500379596,10,0.01746861833677375,2.014,0.682,0.97,-0.032
Polyimide_unit_aug7,O=C1OC(=O)c2ccccc21,rad_hard,116.98536202680495,0.8687654517102262,0,3,0,1,2,43.370000000000005,11,0.0,36.18800000000001,0,3,0.5358054939180239,10,0.06887870967121681,1.999,0.662,0.617,0.006
PTFE_unit_aug0,C(F)(F)=C(F)F,rad_hard,107.65270904463108,2.120012494157321,0,0,0,0,0,0.0,6,0.0,11.458000000000002,0,0,0.0,0,0.01,0.418,0.204,0.585,0.03
PTFE_unit_aug1,C(F)(F)=C(F)F,rad_hard,114.56659087273961,2.00658376574219,0,0,0,0,0,0.0,6,0.0,11.458000000000002,0,0,0.0023590557094827175,0,0.01,0.224,0.223,0.039,-0.082
PTFE_unit_aug2,C(F)(F)=C(F)F,rad_hard,118.34055349404964,2.094946542769398,0,0,0,0,0,0.0,6,0.0,11.458000000000002,0,0,0.03324548450212549,0,0.01,0.346,0.272,0.455,-0.023
PTFE_unit_aug3,C(F)(F)=C(F)F,rad_hard,112.26947810125141,1.6749753310479032,0,0,0,0,0,0.0,6,0.09570156769333932,11.458000000000002,0,0,0.0,0,0.014114282463594457,0.36,0.201,0.97,-0.086
PTFE_unit_aug4,C(F)(F)=C(F)F,rad_hard,117.4153546137751,2.1397045663917815,0,0,0,0,0,0.0,6,0.0,11.458000000000002,0,0,0.006032971401449025,0,0.030778712920152242,0.444,0.291,0.945,0.002
PTFE_unit_aug5,C(F)(F)=C(F)F,rad_hard,122.12451865915969,2.347109091668114,0,0,0,0,0,0.0,6,0.0,11.458000000000002,0,0,0.009079063957170997,0,0.01,0.331,0.253,0.216,-0.001
PTFE_unit_aug6,C(F)(F)=C(F)F,rad_hard,98.73123306814016,2.089628723091044,0,0,0,0,0,0.0,6,0.022676715075698992,11.458000000000002,0,0,0.0,0,0.029047368365767146,0.448,0.266,0.871,0.017
PTFE_unit_aug7,C(F)(F)=C(F)F,rad_hard,123.80340977849282,1.6227176554589025,0,0,0,0,0,0.0,6,0.06878534066558098,11.458000000000002,0,0,0.0,0,0.012277154069430845,0.436,0.207,0.808,0.014
Diamond_unit_aug0,C12CC3CC(CC(C3)C1)C2,rad_hard,132.77656351432262,2.8372737142744415,0,0,0,0,4,0.0,10,0.9576519325840837,41.66200000000001,0,0,0.0,16,0.01,1.204,0.554,0.325,-0.045
Diamond_unit_aug1,C12CC3CC(CC(C3)C1)C2,rad_hard,123.45876504620995,2.435673061977752,0,0,0,0,4,0.0,10,1.0,41.66200000000001,0,0,0.0,16,0.056767466106886176,1.145,0.554,0.227,-0.089
Diamond_unit_aug2,C12CC3CC(CC(C3)C1)C2,rad_hard,155.87330973983188,2.7351505849474145,0,0,0,0,4,0.0,10,0.9177300626521554,41.66200000000001,0,0,0.030677112960289205,16,0.06051379812678546,1.25,0.469,0.519,-0.028
Diamond_unit_aug3,C12CC3CC(CC(C3)C1)C2,rad_hard,163.92345637021037,3.001772736015709,0,0,0,0,4,0.0,10,1.0,41.66200000000001,0,0,0.003126033118556282,16,0.010466887442009552,1.33,0.539,0.813,0.008
Diamond_unit_aug4,C12CC3CC(CC(C3)C1)C2,rad_hard,121.15870822266648,2.748397476939969,0,0,0,0,4,0.0,10,0.9448205341392114,41.66200000000001,0,0,0.0053968245346043536,16,0.039558795726891985,1.211,0.48,0.486,-0.061
Diamond_unit_aug5,C12CC3CC(CC(C3)C1)C2,rad_hard,154.60433212004625,2.361449818913048,0,0,0,0,4,0.0,10,0.9887683425001488,41.66200000000001,0,0,0.016501562970736555,16,0.01,1.248,0.485,0.716,-0.059
Diamond_unit_aug6,C12CC3CC(CC(C3)C1)C2,rad_hard,138.3455101229192,2.43239235152454,0,0,0,0,4,0.0,10,1.0,41.66200000000001,0,0,0.0,16,0.022768549088342957,1.222,0.466,0.709,-0.084
Diamond_unit_aug7,C12CC3CC(CC(C3)C1)C2,rad_hard,140.71628268129322,3.2418421289921544,0,0,0,0,4,0.0,10,1.0,41.66200000000001,0,0,0.00146580210977113,16,0.012530583824077648,1.201,0.505,0.043,-0.005
MAI_cation_aug0,C[NH3+],perovskite,50.0,-1.3407702752652846,1,0,0,0,0,27.64,2,0.9653547401102046,8.8121,3,1,0.0,0,0.023757862538888827,0.553,0.275,0.611,-0.038
MAI_cation_aug1,C[NH3+],perovskite,50.0,-0.7675773781978801,1,0,0,0,0,27.64,2,1.0,8.8121,3,1,0.0,0,0.01205578920454055,0.514,0.288,0.668,-0.086
MAI_cation_aug2,C[NH3+],perovskite,50.0,-1.0177602707645508,1,0,0,0,0,27.64,2,0.9926498999185756,8.8121,3,1,0.02891637350384729,0,0.05006983503182703,0.447,0.306,0.217,-0.086
MAI_cation_aug3,C[NH3+],perovskite,50.0,-1.5528408938737235,1,0,0,0,0,27.64,2,1.0,8.8121,3,1,0.050331024422293216,0,0.01,0.564,0.288,0.594,-0.025
MAI_cation_aug4,C[NH3+],perovskite,50.0,-0.6533810130614388,1,0,0,0,0,27.64,2,0.9492621634653566,8.8121,3,1,0.0,0,0.01,0.453,0.288,0.274,-0.088
MAI_cation_aug5,C[NH3+],perovskite,50.0,-1.3728919693175927,1,0,0,0,0,27.64,2,0.9222052176898187,8.8121,3,1,0.009926406966433711,0,0.022529954232178493,0.53,0.308,0.068,0.02
MAI_cation_aug6,C[NH3+],perovskite,50.0,-1.0296830290457284,1,0,0,0,0,27.64,2,1.0,8.8121,3,1,0.0,0,0.01,0.55,0.357,0.333,0.0
MAI_cation_aug7,C[NH3+],perovskite,50.0,-1.1190983825762766,1,0,0,0,0,27.64,2,0.929314275154751,8.8121,3,1,0.0,0,0.01,0.53,0.309,0.175,0.004
FA_cation_aug0,NC(=N)N,perovskite,50.0,-0.7906020474368689,3,1,0,0,0,75.89,4,0.0,16.1015,5,3,0.0363929309993755,0,0.014553088272798095,0.919,0.381,0.665,0.019
FA_cation_aug1,NC(=N)N,perovskite,105.45859079963388,-1.0434346481816887,3,1,0,0,0,75.89,4,0.0,16.1015,5,3,0.021243260300657714,0,0.03085279633589168,0.827,0.406,0.089,0.013
FA_cation_aug2,NC(=N)N,perovskite,50.0,-1.5607998860673336,3,1,0,0,0,75.89,4,0.025399566345627185,16.1015,5,3,0.0,0,0.01,0.854,0.347,0.088,0.041
FA_cation_aug3,NC(=N)N,perovskite,66.84357209061928,-0.41353014477016303,3,1,0,0,0,75.89,4,0.0,16.1015,5,3,0.027572294489633057,0,0.01,0.912,0.421,0.919,-0.025
FA_cation_aug4,NC(=N)N,perovskite,64.41984628143805,-1.064920658141196,3,1,0,0,0,75.89,4,0.0,16.1015,5,3,0.016095295307112106,0,0.01,0.864,0.411,0.79,-0.054
FA_cation_aug5,NC(=N)N,perovskite,59.63562314738256,-1.1641656989932612,3,1,0,0,0,75.89,4,0.040888314960014355,16.1015,5,3,0.0417062264705194,0,0.022874956127037244,0.92,0.412,0.641,0.023
FA_cation_aug6,NC(=N)N,perovskite,59.279052396867606,-1.554980869705048,3,1,0,0,0,75.89,4,0.0,16.1015,5,3,0.0016994977469132148,0,0.022312605087134618,0.782,0.39,0.399,-0.078
FA_cation_aug7,NC(=N)N,perovskite,57.66202443881817,-1.0154795068521396,3,1,0,0,0,75.89,4,0.0,16.1015,5,3,0.0,0,0.02371732459992409,0.823,0.378,0.312,-0.024
GUA_cation_aug0,NC(=N)N,perovskite,89.68701664687394,-0.7958014444908053,3,1,0,0,0,75.89,4,0.07453630684249761,16.1015,5,3,0.004460023716063346,0,0.01,0.732,0.407,0.152,-0.091
GUA_cation_aug1,NC(=N)N,perovskite,50.0,-1.2521709059464388,3,1,0,0,0,75.89,4,0.0001523010076707235,16.1015,5,3,0.013108145092390494,0,0.035531675495726826,0.813,0.429,0.692,-0.091
GUA_cation_aug2,NC(=N)N,perovskite,78.06308270882647,-1.6068993905349713,3,1,0,0,0,75.89,4,0.0,16.1015,5,3,0.0,0,0.01,0.843,0.38,0.527,-0.036
GUA_cation_aug3,NC(=N)N,perovskite,69.90125456409575,-0.9336834519092061,3,1,0,0,0,75.89,4,0.0,16.1015,5,3,0.0,0,0.01955483010805093,0.817,0.408,0.769,-0.098
GUA_cation_aug4,NC(=N)N,perovskite,50.0,-1.1064220240662535,3,1,0,0,0,75.89,4,0.02896457498005442,16.1015,5,3,0.0035874110524245976,0,0.01,0.738,0.41,0.012,-0.064
GUA_cation_aug5,NC(=N)N,perovskite,83.00343003328982,-1.2089888719080912,3,1,0,0,0,75.89,4,0.0,16.1015,5,3,0.0,0,0.04595291960284687,0.788,0.399,0.098,-0.027
GUA_cation_aug6,NC(=N)N,perovskite,50.0,-1.6454984193630224,3,1,0,0,0,75.89,4,0.05199523436980383,16.1015,5,3,0.0,0,0.04823894427093872,0.887,0.399,0.459,0.018
GUA_cation_aug7,NC(=N)N,perovskite,72.63051742678537,-1.307803422443711,3,1,0,0,0,75.89,4,0.0,16.1015,5,3,0.02226286116027921,0,0.01770460160812984,0.841,0.475,0.038,0.035
Rubrene_unit_aug0,c1ccc(-c2cc3ccccc3cc2)cc1,acene,230.30682578797595,4.975253359018058,0,0,1,3,3,0.0,16,0.0,69.38400000000004,0,0,1.0,18,0.03788695662165475,3.088,0.895,0.067,-0.022
Rubrene_unit_aug1,c1ccc(-c2cc3ccccc3cc2)cc1,acene,196.96556897375783,4.562204091759475,0,0,1,3,3,0.0,16,0.0,69.38400000000004,0,0,1.0,18,0.022018364420572083,3.013,0.841,0.071,-0.098
Rubrene_unit_aug2,c1ccc(-c2cc3ccccc3cc2)cc1,acene,183.3337803463612,4.667795825758189,0,0,1,3,3,0.0,16,0.03594766553325334,69.38400000000004,0,0,1.0,18,0.020020348228610783,3.041,0.919,0.174,-0.085
Rubrene_unit_aug3,c1ccc(-c2cc3ccccc3cc2)cc1,acene,175.8357866651631,4.957200095586649,0,0,1,3,3,0.0,16,0.027811500470032998,69.38400000000004,0,0,1.0,18,0.07845629689802168,3.049,0.924,0.206,-0.082
Rubrene_unit_aug4,c1ccc(-c2cc3ccccc3cc2)cc1,acene,191.40163539239714,4.785152038424374,0,0,1,3,3,0.0,16,0.02539178781448119,69.38400000000004,0,0,1.0,18,0.056606396746196046,3.237,0.945,0.98,-0.01
Rubrene_unit_aug5,c1ccc(-c2cc3ccccc3cc2)cc1,acene,196.97294540914228,4.255037099798301,0,0,1,3,3,0.0,16,0.0,69.38400000000004,0,0,1.0,18,0.013092082685566338,3.173,0.867,0.928,-0.066
Rubrene_unit_aug6,c1ccc(-c2cc3ccccc3cc2)cc1,acene,199.84692752828454,4.423756010033326,0,0,1,3,3,0.0,16,0.0,69.38400000000004,0,0,0.9949863485864077,18,0.040807849009765994,3.23,0.924,0.887,-0.003
Rubrene_unit_aug7,c1ccc(-c2cc3ccccc3cc2)cc1,acene,199.29817747632904,4.9890036728060005,0,0,1,3,3,0.0,16,0.05867369287426625,69.38400000000004,0,0,1.0,18,0.01,3.236,0.917,0.842,0.009
Rhodamine_B_aug0,CCN(CC)c1ccc2c(c1)OC1=CC(=[N+](CC)CC)C=CC1=C2c1ccccc1C(=O)O,dye,451.560759035053,5.365592931862457,1,3,7,2,4,56.69,33,0.2867778645510888,135.14329999999998,1,5,0.615325596438575,20,0.13560679889270477,2.955,0.874,0.818,-0.068
Rhodamine_B_aug1,CCN(CC)c1ccc2c(c1)OC1=CC(=[N+](CC)CC)C=CC1=C2c1ccccc1C(=O)O,dye,448.3820635897715,6.341504934254123,1,3,7,2,4,56.69,33,0.3047722049584246,135.14329999999998,1,5,0.6447531886830884,20,0.11502612702539916,2.929,0.849,0.298,-0.015
Rhodamine_B_aug2,CCN(CC)c1ccc2c(c1)OC1=CC(=[N+](CC)CC)C=CC1=C2c1ccccc1C(=O)O,dye,440.7978803203247,5.193710529113195,1,3,7,2,4,56.69,33,0.24318826300382068,135.14329999999998,1,5,0.5886449025664644,20,0.11333406808841219,2.838,0.814,0.009,-0.063
Rhodamine_B_aug3,CCN(CC)c1ccc2c(c1)OC1=CC(=[N+](CC)CC)C=CC1=C2c1ccccc1C(=O)O,dye,476.96509008702833,5.6794014589468995,1,3,7,2,4,56.69,33,0.25522514049831657,135.14329999999998,1,5,0.6020400910604186,20,0.10185626389458394,2.921,0.868,0.616,-0.072
Rhodamine_B_aug4,CCN(CC)c1ccc2c(c1)OC1=CC(=[N+](CC)CC)C=CC1=C2c1ccccc1C(=O)O,dye,427.86903373835537,5.755484130153163,1,3,7,2,4,56.69,33,0.2638413706981152,135.14329999999998,1,5,0.6277320467954393,20,0.09410583695816466,2.999,0.813,0.958,-0.045
Rhodamine_B_aug5,CCN(CC)c1ccc2c(c1)OC1=CC(=[N+](CC)CC)C=CC1=C2c1ccccc1C(=O)O,dye,478.10627702466826,5.441109144315624,1,3,7,2,4,56.69,33,0.19767384511524688,135.14329999999998,1,5,0.5602909166235033,20,0.12681418206854364,3.022,0.795,0.886,-0.011
Rhodamine_B_aug6,CCN(CC)c1ccc2c(c1)OC1=CC(=[N+](CC)CC)C=CC1=C2c1ccccc1C(=O)O,dye,432.52983708215123,6.328459785700481,1,3,7,2,4,56.69,33,0.38601893012224187,135.14329999999998,1,5,0.6679057133596981,20,0.12572982461186286,2.906,0.879,0.642,-0.09
Rhodamine_B_aug7,CCN(CC)c1ccc2c(c1)OC1=CC(=[N+](CC)CC)C=CC1=C2c1ccccc1C(=O)O,dye,464.0482505162294,5.73875808476036,1,3,7,2,4,56.69,33,0.2855455628437381,135.14329999999998,1,5,0.6009550673848583,20,0.09249793901345449,2.964,0.801,0.27,0.024
C60_unit_aug0,C12=C3C4=C5C1=C1C6=C7C2=C2C8=C3C3=C9C4=C4C%10=C5C5=C1C1=C6C6=C%11C7=C2C2=C7C8=C3C3=C8C9=C4C4=C9C%10=C5C5=C1C1=C6C%11=C2C7=C3C8=C4C9=C51,fullerene,614.4777489491345,15.061591562571161,0,0,0,26,26,0.0,50,0.0,217.30000000000015,0,0,0.9784953303819158,156,0.01,3.596,0.862,0.789,-0.022
C60_unit_aug1,C12=C3C4=C5C1=C1C6=C7C2=C2C8=C3C3=C9C4=C4C%10=C5C5=C1C1=C6C6=C%11C7=C2C2=C7C8=C3C3=C8C9=C4C4=C9C%10=C5C5=C1C1=C6C%11=C2C7=C3C8=C4C9=C51,fullerene,598.8963862831462,14.738475747485023,0,0,0,26,26,0.0,50,0.09270462831670942,217.30000000000015,0,0,1.0,156,0.017501329069372316,3.6,0.861,0.598,0.01
C60_unit_aug2,C12=C3C4=C5C1=C1C6=C7C2=C2C8=C3C3=C9C4=C4C%10=C5C5=C1C1=C6C6=C%11C7=C2C2=C7C8=C3C3=C8C9=C4C4=C9C%10=C5C5=C1C1=C6C%11=C2C7=C3C8=C4C9=C51,fullerene,596.0203180230036,14.487168228982963,0,0,0,26,26,0.0,50,0.07716217641360945,217.30000000000015,0,0,0.9853345173464118,156,0.01,3.584,0.953,0.84,-0.042
C60_unit_aug3,C12=C3C4=C5C1=C1C6=C7C2=C2C8=C3C3=C9C4=C4C%10=C5C5=C1C1=C6C6=C%11C7=C2C2=C7C8=C3C3=C8C9=C4C4=C9C%10=C5C5=C1C1=C6C%11=C2C7=C3C8=C4C9=C51,fullerene,603.3677249382242,14.244468190331151,0,0,0,26,26,0.0,50,0.0,217.30000000000015,0,0,1.0,156,0.01,3.586,0.872,0.299,0.041
C60_unit_aug4,C12=C3C4=C5C1=C1C6=C7C2=C2C8=C3C3=C9C4=C4C%10=C5C5=C1C1=C6C6=C%11C7=C2C2=C7C8=C3C3=C8C9=C4C4=C9C%10=C5C5=C1C1=C6C%11=C2C7=C3C8=C4C9=C51,fullerene,577.1516632857944,13.913321336015512,0,0,0,26,26,0.0,50,0.0886125798334872,217.30000000000015,0,0,1.0,156,0.01,3.432,0.882,0.133,-0.088
C60_unit_aug5,C12=C3C4=C5C1=C1C6=C7C2=C2C8=C3C3=C9C4=C4C%10=C5C5=C1C1=C6C6=C%11C7=C2C2=C7C8=C3C3=C8C9=C4C4=C9C%10=C5C5=C1C1=C6C%11=C2C7=C3C8=C4C9=C51,fullerene,588.5057587927646,14.915632276822514,0,0,0,26,26,0.0,50,0.061346661194215384,217.30000000000015,0,0,0.9969953777056014,156,0.01,3.512,0.915,0.61,-0.08
C60_unit_aug6,C12=C3C4=C5C1=C1C6=C7C2=C2C8=C3C3=C9C4=C4C%10=C5C5=C1C1=C6C6=C%11C7=C2C2=C7C8=C3C3=C8C9=C4C4=C9C%10=C5C5=C1C1=C6C%11=C2C7=C3C8=C4C9=C51,fullerene,582.990348264869,14.52693589378805,0,0,0,26,26,0.0,50,0.0,217.30000000000015,0,0,1.0,156,0.01,3.573,0.926,0.906,-0.063
C60_unit_aug7,C12=C3C4=C5C1=C1C6=C7C2=C2C8=C3C3=C9C4=C4C%10=C5C5=C1C1=C6C6=C%11C7=C2C2=C7C8=C3C3=C8C9=C4C4=C9C%10=C5C5=C1C1=C6C%11=C2C7=C3C8=C4C9=C51,fullerene,600.1226541130314,14.550836496255661,0,0,0,26,26,0.0,50,0.04420226981805249,217.30000000000015,0,0,1.0,156,0.01,3.414,0.808,0.034,-0.091
